#
# A fatal error has been detected by the Java Runtime Environment:
#
#  SIGSEGV (0xb) at pc=0x000078d2d3588a8d, pid=77906, tid=77957
#
# JRE version: OpenJDK Runtime Environment (17.0.19+10) (build 17.0.19+10-1-24.04.2-Ubuntu)
# Java VM: OpenJDK 64-Bit Server VM (17.0.19+10-1-24.04.2-Ubuntu, mixed mode, tiered, compressed oops, compressed class ptrs, g1 gc, linux-amd64)
# Problematic frame:
# C  [libc.so.6+0x188a8d]
#
# No core dump will be written. Core dumps have been disabled. To enable core dumping, try "ulimit -c unlimited" before starting Java again
#
# If you would like to submit a bug report, please visit:
#   https://bugs.launchpad.net/ubuntu/+source/openjdk-17
#

---------------  S U M M A R Y ------------

Command Line: -Djpackage.app-version=1.2.0 -Dcompose.application.resources.dir=/opt/kodrix-ide/lib/app/resources -Dcompose.application.configure.swing.globals=true -Dskiko.library.path=/opt/kodrix-ide/lib/app -Djpackage.app-path=/opt/kodrix-ide/bin/kodrix-ide com.kodrix.zohaib.desktop.MainKt

Host: 13th Gen Intel(R) Core(TM) i5-13420H, 12 cores, 15G, Zorin OS 18.1
Time: Thu Jun 25 21:24:03 2026 PKT elapsed time: 0.940876 seconds (0d 0h 0m 0s)

---------------  T H R E A D  ---------------

Current thread (0x000078d2cc852110):  JavaThread "DefaultDispatcher-worker-2" daemon [_thread_in_vm, id=77957, stack(0x000078d2466fd000,0x000078d2467fd000)]

Stack: [0x000078d2466fd000,0x000078d2467fd000],  sp=0x000078d2467fb3f8,  free space=1016k
Native frames: (J=compiled Java code, j=interpreted, Vv=VM code, C=native code)
C  [libc.so.6+0x188a8d]

Java frames: (J=compiled Java code, j=interpreted, Vv=VM code)
j  com.kodrix.zohaib.platform.PlatformTerminal.nativeRead(I[BI)I+0
j  com.kodrix.zohaib.platform.PlatformTerminal.access$nativeRead(Lcom/kodrix/zohaib/platform/PlatformTerminal;I[BI)I+4
j  com.kodrix.zohaib.platform.PlatformTerminal$startReading$1.invokeSuspend(Ljava/lang/Object;)Ljava/lang/Object;+83
j  kotlin.coroutines.jvm.internal.BaseContinuationImpl.resumeWith(Ljava/lang/Object;)V+40
j  kotlinx.coroutines.DispatchedTask.run()V+317
j  kotlinx.coroutines.internal.LimitedDispatcher$Worker.run()V+8
j  kotlinx.coroutines.scheduling.TaskImpl.run()V+5
j  kotlinx.coroutines.scheduling.CoroutineScheduler.runSafely(Lkotlinx/coroutines/scheduling/Task;)V+2
j  kotlinx.coroutines.scheduling.CoroutineScheduler$Worker.executeTask(Lkotlinx/coroutines/scheduling/Task;)V+30
j  kotlinx.coroutines.scheduling.CoroutineScheduler$Worker.runWorker()V+44
j  kotlinx.coroutines.scheduling.CoroutineScheduler$Worker.run()V+1
v  ~StubRoutines::call_stub

siginfo: si_signo: 11 (SIGSEGV), si_code: 1 (SEGV_MAPERR), si_addr: 0x0000000000000000

Registers:
RAX=0x000000070c2000a8, RBX=0x000078d2cc852110, RCX=0x000000070c2000a8, RDX=0x0000000000001000
RSP=0x000078d2467fb3f8, RBP=0x000078d2467fb430, RSI=0x0000000000000000, RDI=0x000000070c2000a8
R8 =0x0000000000000000, R9 =0x0000000000000000, R10=0x000078d2d34109d8, R11=0x0000000000000246
R12=0x000078d2467fb508, R13=0x0000000000000000, R14=0x0000000000000000, R15=0x000078d2cc8523c0
RIP=0x000078d2d3588a8d, EFLAGS=0x0000000000010202, CSGSFS=0x002b000000000033, ERR=0x0000000000000004
  TRAPNO=0x000000000000000e

XMM[0]=0x0000000000000000 0x0000000000000000
XMM[1]=0x0000000000000000 0x0000000000000000
XMM[2]=0x000078d2cc79a3d0 0x000078d2cc79a3c0
XMM[3]=0x0000000000000000 0x0000000000000000
XMM[4]=0xffffffffffffffff 0x000000000000000e
XMM[5]=0xffffffffffffffff 0x000000000000000e
XMM[6]=0xffffffe8ffffffff 0xffffffffffffffff
XMM[7]=0x000078d2d3259520 0x0000000000000000
XMM[8]=0x0046004948004700 0x4946004945004903
XMM[9]=0x00000007195062a0 0x000000071950629d
XMM[10]=0x2f6c616e7265746e 0x692f6e696c746f6b
XMM[11]=0x2e656b6166203220 0x2b0a6d6f646e6152
XMM[12]=0x0000000000000000 0x2020202020202020
XMM[13]=0x0000000000000000 0x4000000000000000
XMM[14]=0x0000000000000000 0x0000000000000000
XMM[15]=0x0000000000000000 0x0000000000000000
  MXCSR=0x00001fa0


Register to memory mapping:

RAX=0x000000070c2000a8 is pointing into object: [B 
{0x000000070c200098} - klass: {type array byte}
 - length: 4096
RBX=0x000078d2cc852110 is a thread
RCX=0x000000070c2000a8 is pointing into object: [B 
{0x000000070c200098} - klass: {type array byte}
 - length: 4096
RDX=4096 is a compressed pointer to class: 0x0000000800001000
com.kodrix.zohaib.desktop.ComposableSingletons$MainKt$lambda-1$1 {0x0000000800001000}
 - instance size:     2
 - klass size:        68
 - access:            final synchronized 
 - state:             fully_initialized
 - name:              'com/kodrix/zohaib/desktop/ComposableSingletons$MainKt$lambda-1$1'
 - super:             'java/lang/Object'
 - sub:               
 - arrays:            NULL
 - methods:           Array<T>(0x000078d2904018f0)
 - method ordering:   Array<T>(0x000078d290000018)
 - local interfaces:  Array<T>(0x000078d290401420)
 - trans. interfaces: Array<T>(0x000078d2904020c0)
 - constants:         constant pool [221]/operands[7] {0x000078d290400c48} for 'com/kodrix/zohaib/desktop/ComposableSingletons$MainKt$lambda-1$1' cache=0x000078d290402128
 - class loader data:  loader data: 0x000078d2cc272f40 for instance a 'jdk/internal/loader/ClassLoaders$AppClassLoader'{0x000000070aeeda70}
 - source file:       'Main.kt'
 - class annotations:       Array<T>(0x000078d290402058)
 - class type annotations:  Array<T>(0x0000000000000000)
 - field annotations:       Array<T>(0x0000000000000000)
 - field type annotations:  Array<T>(0x0000000000000000)
 - generic signature: 'Ljava/lang/Object;Lkotlin/jvm/functions/Function3<Landroidx/compose/ui/window/ApplicationScope;Landroidx/compose/runtime/Composer;Ljava/lang/Integer;Lkotlin/Unit;>;'
 - inner classes:     Array<T>(0x000078d290402080)
 - nest members:     Array<T>(0x000078d290000028)
 - permitted subclasses:     Array<T>(0x000078d290000028)
 - java mirror:       a 'java/lang/Class'{0x000000070b40e838} = 'com/kodrix/zohaib/desktop/ComposableSingletons$MainKt$lambda-1$1'
 - vtable length      5  (start addr: 0x00000008000011d0)
 - itable length      5 (start addr: 0x00000008000011f8)
 - ---- static fields (1 words):
 - public static final 'INSTANCE' 'Lcom/kodrix/zohaib/desktop/ComposableSingletons$MainKt$lambda-1$1;' @112 
 - ---- non-static fields (0 words):
 - non-static oop maps: 
RSP=0x000078d2467fb3f8 is pointing into the stack for thread: 0x000078d2cc852110
RBP=0x000078d2467fb430 is pointing into the stack for thread: 0x000078d2cc852110
RSI=0x0 is NULL
RDI=0x000000070c2000a8 is pointing into object: [B 
{0x000000070c200098} - klass: {type array byte}
 - length: 4096
R8 =0x0 is NULL
R9 =0x0 is NULL
R10=0x000078d2d34109d8: <offset 0x00000000000109d8> in /lib/x86_64-linux-gnu/libc.so.6 at 0x000078d2d3400000
R11=0x0000000000000246 is an unknown value
R12=0x000078d2467fb508 is pointing into the stack for thread: 0x000078d2cc852110
R13=0x0 is NULL
R14=0x0 is NULL
R15=0x000078d2cc8523c0 points into unknown readable memory: 0x000078d2d3302500 | 00 25 30 d3 d2 78 00 00


Top of Stack: (sp=0x000078d2467fb3f8)
0x000078d2467fb3f8:   000078d2d28c396a 000078d2467fb518
0x000078d2467fb408:   0000000000000024 000078d2467fb508
0x000078d2467fb418:   0000000000000063 000078d2467fb518
0x000078d2467fb428:   000078d2cc852110 000078d2cc8523c0
0x000078d2467fb438:   000078d25d3e5405 0000000000000000
0x000078d2467fb448:   000078d291a8b6d0 000078d2467fb4e0
0x000078d2467fb458:   0000000000000000 000078d291a8b6d0
0x000078d2467fb468:   000078d2c17445da 0000000000000000
0x000078d2467fb478:   000078d291a8b6d0 000078d2467fb4e0
0x000078d2467fb488:   000078d2c174435e 000078d2c1744316
0x000078d2467fb498:   000078d2467fb498 000078d291a8b6d0
0x000078d2467fb4a8:   000078d2467fb518 000078d291a8f940
0x000078d2467fb4b8:   0000000000000000 000000070c200000
0x000078d2467fb4c8:   000078d291a8b6d0 0000000000000000
0x000078d2467fb4d8:   000078d2467fb500 000078d2467fb568
0x000078d2467fb4e8:   000078d2c1740374 0000000000000000
0x000078d2467fb4f8:   000078d2c1741ff6 0000000000001000
0x000078d2467fb508:   000000070c200098 0000000000000063
0x000078d2467fb518:   000000070c200078 000078d2467fb520
0x000078d2467fb528:   000078d291a8ca24 000078d2467fb590
0x000078d2467fb538:   000078d291a8f940 0000000000000000
0x000078d2467fb548:   000000070c200000 000078d291a8ca60
0x000078d2467fb558:   000078d2467fb500 000078d2467fb578
0x000078d2467fb568:   000078d2467fb5e0 000078d2c1740374
0x000078d2467fb578:   0000000000001000 000000070c200098
0x000078d2467fb588:   0000000000000063 000000070c200078
0x000078d2467fb598:   000078d2467fb598 000078d291ac8dc3
0x000078d2467fb5a8:   000078d2467fb620 000078d291ac93d8
0x000078d2467fb5b8:   0000000000000000 000000070c2010a8
0x000078d2467fb5c8:   000078d291ac8f30 000078d2467fb578
0x000078d2467fb5d8:   000078d2467fb618 000078d2467fb670
0x000078d2467fb5e8:   000078d2c17403b9 000000070b1d4610 

Instructions: (pc=0x000078d2d3588a8d)
0x000078d2d358898d:   7c 16 f8 48 29 f9 48 09 c8 0f 45 c2 c3 0f b7 07
0x000078d2d358899d:   0f b7 0e 29 c8 0f b6 4c 17 ff 2a 4c 16 ff 09 c8
0x000078d2d35889ad:   c3 66 2e 0f 1f 84 00 00 00 00 00 0f 1f 84 00 00
0x000078d2d35889bd:   00 00 00 f3 0f 1e fa 48 39 d1 0f 82 23 dc fa ff
0x000078d2d35889cd:   0f 1f 00 f3 0f 1e fa 48 89 f8 48 01 d0 eb 1b 0f
0x000078d2d35889dd:   1f 40 00 f3 0f 1e fa 48 39 d1 0f 82 03 dc fa ff
0x000078d2d35889ed:   0f 1f 00 f3 0f 1e fa 48 89 f8 48 83 fa 20 0f 82
0x000078d2d35889fd:   af 00 00 00 c5 fe 6f 06 48 83 fa 40 0f 87 3e 01
0x000078d2d3588a0d:   00 00 c5 fe 6f 4c 16 e0 c5 fe 7f 07 c5 fe 7f 4c
0x000078d2d3588a1d:   17 e0 c5 f8 77 c3 66 66 2e 0f 1f 84 00 00 00 00
0x000078d2d3588a2d:   00 66 90 f3 0f 1e fa 48 39 d1 0f 82 b3 db fa ff
0x000078d2d3588a3d:   0f 1f 00 f3 0f 1e fa 48 89 f8 48 01 d0 eb 3b 0f
0x000078d2d3588a4d:   1f 40 00 f3 0f 1e fa 48 39 d1 0f 82 93 db fa ff
0x000078d2d3588a5d:   66 66 2e 0f 1f 84 00 00 00 00 00 66 66 2e 0f 1f
0x000078d2d3588a6d:   84 00 00 00 00 00 66 66 2e 0f 1f 84 00 00 00 00
0x000078d2d3588a7d:   00 66 90 f3 0f 1e fa 48 89 f8 48 83 fa 20 72 23
0x000078d2d3588a8d:   c5 fe 6f 06 48 83 fa 40 0f 87 a5 00 00 00 c5 fe
0x000078d2d3588a9d:   6f 4c 16 e0 c5 fe 7f 07 c5 fe 7f 4c 17 e0 c5 f8
0x000078d2d3588aad:   77 c3 90 83 fa 10 73 2d 83 fa 08 73 46 83 fa 04
0x000078d2d3588abd:   73 16 83 fa 01 7c 10 8a 0e 74 0a 0f b7 74 16 fe
0x000078d2d3588acd:   66 89 74 17 fe 88 0f c3 8b 4c 16 fc 8b 36 89 4c
0x000078d2d3588add:   17 fc 89 37 c3 c5 fa 6f 06 c5 fa 6f 4c 16 f0 c5
0x000078d2d3588aed:   fa 7f 07 c5 fa 7f 4c 17 f0 c3 66 0f 1f 84 00 00
0x000078d2d3588afd:   00 00 00 48 8b 4c 16 f8 48 8b 36 48 89 37 48 89
0x000078d2d3588b0d:   4c 17 f8 c3 c5 fe 6f 54 16 e0 c5 fe 6f 5c 16 c0
0x000078d2d3588b1d:   c5 fe 7f 07 c5 fe 7f 4f 20 c5 fe 7f 54 17 e0 c5
0x000078d2d3588b2d:   fe 7f 5c 17 c0 c5 f8 77 c3 66 2e 0f 1f 84 00 00
0x000078d2d3588b3d:   00 00 00 48 3b 15 d1 a6 07 00 0f 87 f3 01 00 00
0x000078d2d3588b4d:   48 81 fa 00 01 00 00 77 5f c5 fe 6f 4e 20 48 81
0x000078d2d3588b5d:   fa 80 00 00 00 76 ad c5 fe 6f 56 40 c5 fe 6f 5e
0x000078d2d3588b6d:   60 c5 fe 6f 64 16 e0 c5 fe 6f 6c 16 c0 c5 fe 6f
0x000078d2d3588b7d:   74 16 a0 c5 fe 6f 7c 16 80 c5 fe 7f 07 c5 fe 7f 


Stack slot to memory mapping:
stack at sp + 0 slots: 0x000078d2d28c396a: <offset 0x00000000008c396a> in /opt/kodrix-ide/lib/runtime/lib/server/libjvm.so at 0x000078d2d2000000
stack at sp + 1 slots: 0x000078d2467fb518 is pointing into the stack for thread: 0x000078d2cc852110
stack at sp + 2 slots: 0x0000000000000024 is an unknown value
stack at sp + 3 slots: 0x000078d2467fb508 is pointing into the stack for thread: 0x000078d2cc852110
stack at sp + 4 slots: 0x0000000000000063 is an unknown value
stack at sp + 5 slots: 0x000078d2467fb518 is pointing into the stack for thread: 0x000078d2cc852110
stack at sp + 6 slots: 0x000078d2cc852110 is a thread
stack at sp + 7 slots: 0x000078d2cc8523c0 points into unknown readable memory: 0x000078d2d3302500 | 00 25 30 d3 d2 78 00 00


---------------  P R O C E S S  ---------------

Threads class SMR info:
_java_thread_list=0x000078d1cc002de0, length=28, elements={
0x000078d2cc019110, 0x000078d2cc1d6960, 0x000078d2cc1d7f20, 0x000078d2cc1f9e80,
0x000078d2cc1fb240, 0x000078d2cc1fe760, 0x000078d2cc200140, 0x000078d2cc201680,
0x000078d2cc20aaf0, 0x000078d2cc26e7f0, 0x000078d2cc27cfd0, 0x000078d27c086620,
0x000078d2cc650090, 0x000078d2cc652590, 0x000078d2cc8519a0, 0x000078d2cc852110,
0x000078d230000fe0, 0x000078d2cc857d10, 0x000078d23002e690, 0x000078d2cc8e9660,
0x000078d2cc8ec520, 0x000078d2181c30d0, 0x000078d21828e630, 0x000078d2187852d0,
0x000078d270251e40, 0x000078d234001960, 0x000078d234002ee0, 0x000078d1cc0011e0
}

Java Threads: ( => current thread )
  0x000078d2cc019110 JavaThread "main" [_thread_blocked, id=77928, stack(0x000078d2d1f00000,0x000078d2d2000000)]
  0x000078d2cc1d6960 JavaThread "Reference Handler" daemon [_thread_blocked, id=77935, stack(0x000078d2b0fa7000,0x000078d2b10a7000)]
  0x000078d2cc1d7f20 JavaThread "Finalizer" daemon [_thread_blocked, id=77936, stack(0x000078d2b0ea7000,0x000078d2b0fa7000)]
  0x000078d2cc1f9e80 JavaThread "Signal Dispatcher" daemon [_thread_blocked, id=77937, stack(0x000078d2b0da7000,0x000078d2b0ea7000)]
  0x000078d2cc1fb240 JavaThread "Service Thread" daemon [_thread_blocked, id=77938, stack(0x000078d2b0ca7000,0x000078d2b0da7000)]
  0x000078d2cc1fe760 JavaThread "Monitor Deflation Thread" daemon [_thread_blocked, id=77939, stack(0x000078d2b0ba7000,0x000078d2b0ca7000)]
  0x000078d2cc200140 JavaThread "C2 CompilerThread0" daemon [_thread_blocked, id=77940, stack(0x000078d2b0aa7000,0x000078d2b0ba7000)]
  0x000078d2cc201680 JavaThread "C1 CompilerThread0" daemon [_thread_blocked, id=77941, stack(0x000078d2b09a7000,0x000078d2b0aa7000)]
  0x000078d2cc20aaf0 JavaThread "Sweeper thread" daemon [_thread_blocked, id=77942, stack(0x000078d2b08a7000,0x000078d2b09a7000)]
  0x000078d2cc26e7f0 JavaThread "Notification Thread" daemon [_thread_blocked, id=77943, stack(0x000078d2b07a7000,0x000078d2b08a7000)]
  0x000078d2cc27cfd0 JavaThread "Common-Cleaner" daemon [_thread_blocked, id=77945, stack(0x000078d2b05a6000,0x000078d2b06a6000)]
  0x000078d27c086620 JavaThread "C2 CompilerThread1" daemon [_thread_blocked, id=77946, stack(0x000078d2b04a6000,0x000078d2b05a6000)]
  0x000078d2cc650090 JavaThread "Java2D Disposer" daemon [_thread_blocked, id=77947, stack(0x000078d2a0a9e000,0x000078d2a0b9e000)]
  0x000078d2cc652590 JavaThread "AWT-XAWT" daemon [_thread_blocked, id=77948, stack(0x000078d2a099e000,0x000078d2a0a9e000)]
  0x000078d2cc8519a0 JavaThread "DefaultDispatcher-worker-1" daemon [_thread_in_native, id=77956, stack(0x000078d25c094000,0x000078d25c194000)]
=>0x000078d2cc852110 JavaThread "DefaultDispatcher-worker-2" daemon [_thread_in_vm, id=77957, stack(0x000078d2466fd000,0x000078d2467fd000)]
  0x000078d230000fe0 JavaThread "DefaultDispatcher-worker-3" daemon [_thread_blocked, id=77958, stack(0x000078d2465fd000,0x000078d2466fd000)]
  0x000078d2cc857d10 JavaThread "Reference Cleaner" daemon [_thread_blocked, id=77959, stack(0x000078d2464fd000,0x000078d2465fd000)]
  0x000078d23002e690 JavaThread "kotlinx.coroutines.DefaultExecutor" daemon [_thread_blocked, id=77960, stack(0x000078d2463fd000,0x000078d2464fd000)]
  0x000078d2cc8e9660 JavaThread "AWT-Shutdown" [_thread_blocked, id=77961, stack(0x000078d2462fd000,0x000078d2463fd000)]
  0x000078d2cc8ec520 JavaThread "AWT-EventQueue-0" [_thread_in_native, id=77962, stack(0x000078d2461fd000,0x000078d2462fd000)]
  0x000078d2181c30d0 JavaThread "process reaper" daemon [_thread_blocked, id=77969, stack(0x000078d25d84c000,0x000078d25d86e000)]
  0x000078d21828e630 JavaThread "TimerQueue" daemon [_thread_blocked, id=77971, stack(0x000078d245bf8000,0x000078d245cf8000)]
  0x000078d2187852d0 JavaThread "pool-1-thread-1" daemon [_thread_blocked, id=77981, stack(0x000078d244354000,0x000078d244454000)]
  0x000078d270251e40 JavaThread "C2 CompilerThread2" daemon [_thread_blocked, id=77983, stack(0x000078d244059000,0x000078d244159000)]
  0x000078d234001960 JavaThread "DefaultDispatcher-worker-4" daemon [_thread_blocked, id=77985, stack(0x000078d1ec2fe000,0x000078d1ec3fe000)]
  0x000078d234002ee0 JavaThread "DefaultDispatcher-worker-5" daemon [_thread_blocked, id=77986, stack(0x000078d1ec1fe000,0x000078d1ec2fe000)]
  0x000078d1cc0011e0 JavaThread "pool-1-thread-2" daemon [_thread_blocked, id=78215, stack(0x000078d1dccff000,0x000078d1dcdff000)]

Other Threads:
  0x000078d2cc1c7190 VMThread "VM Thread" [stack: 0x000078d2b10a8000,0x000078d2b11a8000] [id=77934]
  0x000078d2cc270180 WatcherThread [stack: 0x000078d2b06a7000,0x000078d2b07a7000] [id=77944]
  0x000078d2cc083d20 GCTaskThread "GC Thread#0" [stack: 0x000078d2cbf00000,0x000078d2cc000000] [id=77929]
  0x000078d298006a90 GCTaskThread "GC Thread#1" [stack: 0x000078d2460fd000,0x000078d2461fd000] [id=77963]
  0x000078d298007500 GCTaskThread "GC Thread#2" [stack: 0x000078d245ffc000,0x000078d2460fc000] [id=77964]
  0x000078d298007f70 GCTaskThread "GC Thread#3" [stack: 0x000078d245efb000,0x000078d245ffb000] [id=77965]
  0x000078d2980089e0 GCTaskThread "GC Thread#4" [stack: 0x000078d245dfa000,0x000078d245efa000] [id=77966]
  0x000078d298009450 GCTaskThread "GC Thread#5" [stack: 0x000078d245cf9000,0x000078d245df9000] [id=77967]
  0x000078d298010060 GCTaskThread "GC Thread#6" [stack: 0x000078d245af8000,0x000078d245bf8000] [id=77972]
  0x000078d2980106f0 GCTaskThread "GC Thread#7" [stack: 0x000078d2459f7000,0x000078d245af7000] [id=77973]
  0x000078d298011160 GCTaskThread "GC Thread#8" [stack: 0x000078d2458f6000,0x000078d2459f6000] [id=77974]
  0x000078d29800e920 GCTaskThread "GC Thread#9" [stack: 0x000078d244254000,0x000078d244354000] [id=77982]
  0x000078d2cc094890 ConcurrentGCThread "G1 Main Marker" [stack: 0x000078d2b1eb6000,0x000078d2b1fb6000] [id=77930]
  0x000078d2cc095810 ConcurrentGCThread "G1 Conc#0" [stack: 0x000078d2b1db5000,0x000078d2b1eb5000] [id=77931]
  0x000078d2a4000ea0 ConcurrentGCThread "G1 Conc#1" [stack: 0x000078d2457f5000,0x000078d2458f5000] [id=77975]
  0x000078d2a4001950 ConcurrentGCThread "G1 Conc#2" [stack: 0x000078d2456f4000,0x000078d2457f4000] [id=77976]
  0x000078d2cc150870 ConcurrentGCThread "G1 Refine#0" [stack: 0x000078d2b12aa000,0x000078d2b13aa000] [id=77932]
  0x000078d2cc151780 ConcurrentGCThread "G1 Service" [stack: 0x000078d2b11a9000,0x000078d2b12a9000] [id=77933]

Threads with active compile tasks:

VM state: not at safepoint (normal execution)

VM Mutex/Monitor currently owned by a thread: None

Heap address: 0x000000070ac00000, size: 3924 MB, Compressed Oops mode: Zero based, Oop shift amount: 3

CDS archive(s) not mapped
Compressed class space mapped at: 0x0000000800000000-0x0000000840000000, reserved size: 1073741824
Narrow klass base: 0x0000000800000000, Narrow klass shift: 0, Narrow klass range: 0x40000000

GC Precious Log:
 CPUs: 12 total, 12 available
 Memory: 15694M
 Large Page Support: Disabled
 NUMA Support: Disabled
 Compressed Oops: Enabled (Zero based)
 Heap Region Size: 2M
 Heap Min Capacity: 8M
 Heap Initial Capacity: 246M
 Heap Max Capacity: 3924M
 Pre-touch: Disabled
 Parallel Workers: 10
 Concurrent Workers: 3
 Concurrent Refinement Workers: 10
 Periodic GC: Disabled

Heap:
 garbage-first heap   total 147456K, used 18935K [0x000000070ac00000, 0x0000000800000000)
  region size 2048K, 6 young (12288K), 2 survivors (4096K)
 Metaspace       used 32547K, committed 32704K, reserved 1114112K
  class space    used 3367K, committed 3456K, reserved 1048576K

Heap Regions: E=young(eden), S=young(survivor), O=old, HS=humongous(starts), HC=humongous(continues), CS=collection set, F=free, OA=open archive, CA=closed archive, TAMS=top-at-mark-start (previous, next)
|   0|0x000000070ac00000, 0x000000070ae00000, 0x000000070ae00000|100%|HS|  |TAMS 0x000000070ae00000, 0x000000070ac00000| Complete 
|   1|0x000000070ae00000, 0x000000070b000000, 0x000000070b000000|100%| O|  |TAMS 0x000000070aee5e00, 0x000000070ae00000| Untracked 
|   2|0x000000070b000000, 0x000000070b200000, 0x000000070b200000|100%| O|  |TAMS 0x000000070b000000, 0x000000070b000000| Untracked 
|   3|0x000000070b200000, 0x000000070b27dc00, 0x000000070b400000| 24%| O|  |TAMS 0x000000070b200000, 0x000000070b200000| Untracked 
|   4|0x000000070b400000, 0x000000070b600000, 0x000000070b600000|100%| O|  |TAMS 0x000000070b400000, 0x000000070b400000| Untracked 
|   5|0x000000070b600000, 0x000000070b600000, 0x000000070b800000|  0%| F|  |TAMS 0x000000070b600000, 0x000000070b600000| Untracked 
|   6|0x000000070b800000, 0x000000070b800000, 0x000000070ba00000|  0%| F|  |TAMS 0x000000070b800000, 0x000000070b800000| Untracked 
|   7|0x000000070ba00000, 0x000000070ba00000, 0x000000070bc00000|  0%| F|  |TAMS 0x000000070ba00000, 0x000000070ba00000| Untracked 
|   8|0x000000070bc00000, 0x000000070bc00000, 0x000000070be00000|  0%| F|  |TAMS 0x000000070bc00000, 0x000000070bc00000| Untracked 
|   9|0x000000070be00000, 0x000000070be00000, 0x000000070c000000|  0%| F|  |TAMS 0x000000070be00000, 0x000000070be00000| Untracked 
|  10|0x000000070c000000, 0x000000070c200000, 0x000000070c200000|100%| S|CS|TAMS 0x000000070c000000, 0x000000070c000000| Complete 
|  11|0x000000070c200000, 0x000000070c400000, 0x000000070c400000|100%| S|CS|TAMS 0x000000070c200000, 0x000000070c200000| Complete 
|  12|0x000000070c400000, 0x000000070c400000, 0x000000070c600000|  0%| F|  |TAMS 0x000000070c400000, 0x000000070c400000| Untracked 
|  13|0x000000070c600000, 0x000000070c600000, 0x000000070c800000|  0%| F|  |TAMS 0x000000070c600000, 0x000000070c600000| Untracked 
|  14|0x000000070c800000, 0x000000070c800000, 0x000000070ca00000|  0%| F|  |TAMS 0x000000070c800000, 0x000000070c800000| Untracked 
|  15|0x000000070ca00000, 0x000000070ca00000, 0x000000070cc00000|  0%| F|  |TAMS 0x000000070ca00000, 0x000000070ca00000| Untracked 
|  16|0x000000070cc00000, 0x000000070cc00000, 0x000000070ce00000|  0%| F|  |TAMS 0x000000070cc00000, 0x000000070cc00000| Untracked 
|  17|0x000000070ce00000, 0x000000070ce00000, 0x000000070d000000|  0%| F|  |TAMS 0x000000070ce00000, 0x000000070ce00000| Untracked 
|  18|0x000000070d000000, 0x000000070d000000, 0x000000070d200000|  0%| F|  |TAMS 0x000000070d000000, 0x000000070d000000| Untracked 
|  19|0x000000070d200000, 0x000000070d200000, 0x000000070d400000|  0%| F|  |TAMS 0x000000070d200000, 0x000000070d200000| Untracked 
|  20|0x000000070d400000, 0x000000070d400000, 0x000000070d600000|  0%| F|  |TAMS 0x000000070d400000, 0x000000070d400000| Untracked 
|  21|0x000000070d600000, 0x000000070d600000, 0x000000070d800000|  0%| F|  |TAMS 0x000000070d600000, 0x000000070d600000| Untracked 
|  22|0x000000070d800000, 0x000000070d800000, 0x000000070da00000|  0%| F|  |TAMS 0x000000070d800000, 0x000000070d800000| Untracked 
|  23|0x000000070da00000, 0x000000070da00000, 0x000000070dc00000|  0%| F|  |TAMS 0x000000070da00000, 0x000000070da00000| Untracked 
|  24|0x000000070dc00000, 0x000000070dc00000, 0x000000070de00000|  0%| F|  |TAMS 0x000000070dc00000, 0x000000070dc00000| Untracked 
|  25|0x000000070de00000, 0x000000070de00000, 0x000000070e000000|  0%| F|  |TAMS 0x000000070de00000, 0x000000070de00000| Untracked 
|  26|0x000000070e000000, 0x000000070e000000, 0x000000070e200000|  0%| F|  |TAMS 0x000000070e000000, 0x000000070e000000| Untracked 
|  27|0x000000070e200000, 0x000000070e200000, 0x000000070e400000|  0%| F|  |TAMS 0x000000070e200000, 0x000000070e200000| Untracked 
|  28|0x000000070e400000, 0x000000070e400000, 0x000000070e600000|  0%| F|  |TAMS 0x000000070e400000, 0x000000070e400000| Untracked 
|  29|0x000000070e600000, 0x000000070e600000, 0x000000070e800000|  0%| F|  |TAMS 0x000000070e600000, 0x000000070e600000| Untracked 
|  30|0x000000070e800000, 0x000000070e800000, 0x000000070ea00000|  0%| F|  |TAMS 0x000000070e800000, 0x000000070e800000| Untracked 
|  31|0x000000070ea00000, 0x000000070ea00000, 0x000000070ec00000|  0%| F|  |TAMS 0x000000070ea00000, 0x000000070ea00000| Untracked 
|  32|0x000000070ec00000, 0x000000070ec00000, 0x000000070ee00000|  0%| F|  |TAMS 0x000000070ec00000, 0x000000070ec00000| Untracked 
|  33|0x000000070ee00000, 0x000000070ee00000, 0x000000070f000000|  0%| F|  |TAMS 0x000000070ee00000, 0x000000070ee00000| Untracked 
|  34|0x000000070f000000, 0x000000070f000000, 0x000000070f200000|  0%| F|  |TAMS 0x000000070f000000, 0x000000070f000000| Untracked 
|  35|0x000000070f200000, 0x000000070f200000, 0x000000070f400000|  0%| F|  |TAMS 0x000000070f200000, 0x000000070f200000| Untracked 
|  36|0x000000070f400000, 0x000000070f400000, 0x000000070f600000|  0%| F|  |TAMS 0x000000070f400000, 0x000000070f400000| Untracked 
|  37|0x000000070f600000, 0x000000070f600000, 0x000000070f800000|  0%| F|  |TAMS 0x000000070f600000, 0x000000070f600000| Untracked 
|  38|0x000000070f800000, 0x000000070f800000, 0x000000070fa00000|  0%| F|  |TAMS 0x000000070f800000, 0x000000070f800000| Untracked 
|  39|0x000000070fa00000, 0x000000070fa00000, 0x000000070fc00000|  0%| F|  |TAMS 0x000000070fa00000, 0x000000070fa00000| Untracked 
|  40|0x000000070fc00000, 0x000000070fc00000, 0x000000070fe00000|  0%| F|  |TAMS 0x000000070fc00000, 0x000000070fc00000| Untracked 
|  41|0x000000070fe00000, 0x000000070fe00000, 0x0000000710000000|  0%| F|  |TAMS 0x000000070fe00000, 0x000000070fe00000| Untracked 
|  42|0x0000000710000000, 0x0000000710000000, 0x0000000710200000|  0%| F|  |TAMS 0x0000000710000000, 0x0000000710000000| Untracked 
|  43|0x0000000710200000, 0x0000000710200000, 0x0000000710400000|  0%| F|  |TAMS 0x0000000710200000, 0x0000000710200000| Untracked 
|  44|0x0000000710400000, 0x0000000710400000, 0x0000000710600000|  0%| F|  |TAMS 0x0000000710400000, 0x0000000710400000| Untracked 
|  45|0x0000000710600000, 0x0000000710600000, 0x0000000710800000|  0%| F|  |TAMS 0x0000000710600000, 0x0000000710600000| Untracked 
|  46|0x0000000710800000, 0x0000000710800000, 0x0000000710a00000|  0%| F|  |TAMS 0x0000000710800000, 0x0000000710800000| Untracked 
|  47|0x0000000710a00000, 0x0000000710a00000, 0x0000000710c00000|  0%| F|  |TAMS 0x0000000710a00000, 0x0000000710a00000| Untracked 
|  48|0x0000000710c00000, 0x0000000710c00000, 0x0000000710e00000|  0%| F|  |TAMS 0x0000000710c00000, 0x0000000710c00000| Untracked 
|  49|0x0000000710e00000, 0x0000000710e00000, 0x0000000711000000|  0%| F|  |TAMS 0x0000000710e00000, 0x0000000710e00000| Untracked 
|  50|0x0000000711000000, 0x0000000711000000, 0x0000000711200000|  0%| F|  |TAMS 0x0000000711000000, 0x0000000711000000| Untracked 
|  51|0x0000000711200000, 0x0000000711200000, 0x0000000711400000|  0%| F|  |TAMS 0x0000000711200000, 0x0000000711200000| Untracked 
|  52|0x0000000711400000, 0x0000000711400000, 0x0000000711600000|  0%| F|  |TAMS 0x0000000711400000, 0x0000000711400000| Untracked 
|  53|0x0000000711600000, 0x0000000711600000, 0x0000000711800000|  0%| F|  |TAMS 0x0000000711600000, 0x0000000711600000| Untracked 
|  54|0x0000000711800000, 0x0000000711800000, 0x0000000711a00000|  0%| F|  |TAMS 0x0000000711800000, 0x0000000711800000| Untracked 
|  55|0x0000000711a00000, 0x0000000711a00000, 0x0000000711c00000|  0%| F|  |TAMS 0x0000000711a00000, 0x0000000711a00000| Untracked 
|  56|0x0000000711c00000, 0x0000000711c00000, 0x0000000711e00000|  0%| F|  |TAMS 0x0000000711c00000, 0x0000000711c00000| Untracked 
|  57|0x0000000711e00000, 0x0000000711e00000, 0x0000000712000000|  0%| F|  |TAMS 0x0000000711e00000, 0x0000000711e00000| Untracked 
|  58|0x0000000712000000, 0x0000000712000000, 0x0000000712200000|  0%| F|  |TAMS 0x0000000712000000, 0x0000000712000000| Untracked 
|  59|0x0000000712200000, 0x0000000712200000, 0x0000000712400000|  0%| F|  |TAMS 0x0000000712200000, 0x0000000712200000| Untracked 
|  60|0x0000000712400000, 0x0000000712400000, 0x0000000712600000|  0%| F|  |TAMS 0x0000000712400000, 0x0000000712400000| Untracked 
|  61|0x0000000712600000, 0x0000000712600000, 0x0000000712800000|  0%| F|  |TAMS 0x0000000712600000, 0x0000000712600000| Untracked 
|  62|0x0000000712800000, 0x0000000712800000, 0x0000000712a00000|  0%| F|  |TAMS 0x0000000712800000, 0x0000000712800000| Untracked 
|  63|0x0000000712a00000, 0x0000000712a00000, 0x0000000712c00000|  0%| F|  |TAMS 0x0000000712a00000, 0x0000000712a00000| Untracked 
|  64|0x0000000712c00000, 0x0000000712c00000, 0x0000000712e00000|  0%| F|  |TAMS 0x0000000712c00000, 0x0000000712c00000| Untracked 
|  65|0x0000000712e00000, 0x0000000712e00000, 0x0000000713000000|  0%| F|  |TAMS 0x0000000712e00000, 0x0000000712e00000| Untracked 
|  66|0x0000000713000000, 0x0000000713000000, 0x0000000713200000|  0%| F|  |TAMS 0x0000000713000000, 0x0000000713000000| Untracked 
|  67|0x0000000713200000, 0x0000000713200000, 0x0000000713400000|  0%| F|  |TAMS 0x0000000713200000, 0x0000000713200000| Untracked 
|  68|0x0000000713400000, 0x00000007135e0f40, 0x0000000713600000| 93%| E|  |TAMS 0x0000000713400000, 0x0000000713400000| Complete 
|  69|0x0000000713600000, 0x0000000713800000, 0x0000000713800000|100%| E|CS|TAMS 0x0000000713600000, 0x0000000713600000| Complete 
| 108|0x0000000718400000, 0x0000000718600000, 0x0000000718600000|100%| E|CS|TAMS 0x0000000718400000, 0x0000000718400000| Complete 
| 122|0x000000071a000000, 0x000000071a200000, 0x000000071a200000|100%| E|CS|TAMS 0x000000071a000000, 0x000000071a000000| Complete 

Card table byte_map: [0x000078d2d00cc000,0x000078d2d0876000] _byte_map_base: 0x000078d2cc876000

Marking Bits (Prev, Next): (CMBitMap*) 0x000078d2cc084800, (CMBitMap*) 0x000078d2cc0847c0
 Prev Bits: [0x000078d2b1fb6000, 0x000078d2b5d06000)
 Next Bits: [0x000078d2b5d06000, 0x000078d2b9a56000)

Polling page: 0x000078d2d3808000

Metaspace:

Usage:
  Non-class:     28.50 MB used.
      Class:      3.29 MB used.
       Both:     31.78 MB used.

Virtual space:
  Non-class space:       64.00 MB reserved,      28.56 MB ( 45%) committed,  1 nodes.
      Class space:        1.00 GB reserved,       3.38 MB ( <1%) committed,  1 nodes.
             Both:        1.06 GB reserved,      31.94 MB (  3%) committed. 

Chunk freelists:
   Non-Class:  3.12 MB
       Class:  12.44 MB
        Both:  15.56 MB

MaxMetaspaceSize: unlimited
CompressedClassSpaceSize: 1.00 GB
Initial GC threshold: 21.00 MB
Current GC threshold: 35.12 MB
CDS: off
MetaspaceReclaimPolicy: balanced
 - commit_granule_bytes: 65536.
 - commit_granule_words: 8192.
 - virtual_space_node_default_size: 8388608.
 - enlarge_chunks_in_place: 1.
 - new_chunks_are_fully_committed: 0.
 - uncommit_free_chunks: 1.
 - use_allocation_guard: 0.
 - handle_deallocations: 1.


Internal statistics:

num_allocs_failed_limit: 3.
num_arena_births: 192.
num_arena_deaths: 0.
num_vsnodes_births: 2.
num_vsnodes_deaths: 0.
num_space_committed: 511.
num_space_uncommitted: 0.
num_chunks_returned_to_freelist: 3.
num_chunks_taken_from_freelist: 890.
num_chunk_merges: 3.
num_chunk_splits: 716.
num_chunks_enlarged: 618.
num_inconsistent_stats: 0.

CodeHeap 'non-profiled nmethods': size=120028Kb used=786Kb max_used=786Kb free=119241Kb
 bounds [0x000078d2c1cc9000, 0x000078d2c1f39000, 0x000078d2c9200000]
CodeHeap 'profiled nmethods': size=120028Kb used=3000Kb max_used=3000Kb free=117027Kb
 bounds [0x000078d2ba200000, 0x000078d2ba4f0000, 0x000078d2c1737000]
CodeHeap 'non-nmethods': size=5704Kb used=1828Kb max_used=1857Kb free=3875Kb
 bounds [0x000078d2c1737000, 0x000078d2c19a7000, 0x000078d2c1cc9000]
 total_blobs=3136 nmethods=1842 adapters=1208
 compilation: enabled
              stopped_count=0, restarted_count=0
 full_count=0

Compilation events (20 events):
Event: 0.939 Thread 0x000078d2cc201680 nmethod 1836 0x000078d2ba4e8910 code [0x000078d2ba4e8ae0, 0x000078d2ba4e8ec0]
Event: 0.939 Thread 0x000078d2cc201680 1837       3       androidx.compose.ui.node.NodeCoordinator$invalidateParentLayer$1::invoke (8 bytes)
Event: 0.939 Thread 0x000078d2cc201680 nmethod 1837 0x000078d2ba4e9010 code [0x000078d2ba4e91c0, 0x000078d2ba4e9460]
Event: 0.939 Thread 0x000078d2cc201680 1838       3       androidx.compose.ui.node.NodeCoordinator$invalidateParentLayer$1::invoke (19 bytes)
Event: 0.940 Thread 0x000078d2cc201680 nmethod 1838 0x000078d2ba4e9590 code [0x000078d2ba4e9760, 0x000078d2ba4e9b90]
Event: 0.940 Thread 0x000078d2cc201680 1839       1       androidx.compose.ui.graphics.drawscope.CanvasDrawScope$drawContext$1::setGraphicsLayer (6 bytes)
Event: 0.940 Thread 0x000078d2cc201680 nmethod 1839 0x000078d2c1d8ce90 code [0x000078d2c1d8d020, 0x000078d2c1d8d130]
Event: 0.940 Thread 0x000078d2cc201680 1840       1       androidx.compose.ui.graphics.drawscope.CanvasDrawScope$drawContext$1::getGraphicsLayer (5 bytes)
Event: 0.940 Thread 0x000078d2cc201680 nmethod 1840 0x000078d2c1d8d190 code [0x000078d2c1d8d320, 0x000078d2c1d8d3f0]
Event: 0.940 Thread 0x000078d2cc201680 1833       3       androidx.compose.ui.node.NodeCoordinator::getMeasureResult$ui (24 bytes)
Event: 0.940 Thread 0x000078d2cc201680 nmethod 1833 0x000078d2ba4e9d10 code [0x000078d2ba4e9ec0, 0x000078d2ba4ea120]
Event: 0.940 Thread 0x000078d2cc201680 1841       1       androidx.compose.ui.graphics.drawscope.CanvasDrawScope$DrawParams::getLayoutDirection (5 bytes)
Event: 0.940 Thread 0x000078d2cc201680 nmethod 1841 0x000078d2c1d8d490 code [0x000078d2c1d8d620, 0x000078d2c1d8d6f0]
Event: 0.940 Thread 0x000078d2cc201680 1834       3       androidx.compose.ui.platform.a11y.AccessibilityController::scheduleNodeSyncIfNeeded (30 bytes)
Event: 0.940 Thread 0x000078d2cc201680 nmethod 1834 0x000078d2ba4ea210 code [0x000078d2ba4ea3e0, 0x000078d2ba4ea720]
Event: 0.940 Thread 0x000078d2cc201680 1835       3       androidx.compose.ui.platform.a11y.AccessibilityController$AccessibilityUsage::getRecentlyUsed (20 bytes)
Event: 0.940 Thread 0x000078d2cc201680 nmethod 1835 0x000078d2ba4ea810 code [0x000078d2ba4ea9c0, 0x000078d2ba4eab50]
Event: 0.940 Thread 0x000078d2cc201680 1842       1       androidx.compose.ui.graphics.colorspace.Rgb::isSrgb (5 bytes)
Event: 0.940 Thread 0x000078d2cc201680 nmethod 1842 0x000078d2c1d8d790 code [0x000078d2c1d8d920, 0x000078d2c1d8d9f0]
Event: 0.940 Thread 0x000078d2cc201680 1830       3       androidx.compose.ui.layout.MeasureScope::layout (26 bytes)

GC Heap History (12 events):
Event: 0.253 GC heap before
{Heap before GC invocations=0 (full 0):
 garbage-first heap   total 251904K, used 22528K [0x000000070ac00000, 0x0000000800000000)
  region size 2048K, 11 young (22528K), 0 survivors (0K)
 Metaspace       used 13262K, committed 13440K, reserved 1114112K
  class space    used 1312K, committed 1408K, reserved 1048576K
}
Event: 0.255 GC heap after
{Heap after GC invocations=1 (full 0):
 garbage-first heap   total 251904K, used 7063K [0x000000070ac00000, 0x0000000800000000)
  region size 2048K, 2 young (4096K), 2 survivors (4096K)
 Metaspace       used 13262K, committed 13440K, reserved 1114112K
  class space    used 1312K, committed 1408K, reserved 1048576K
}
Event: 0.461 GC heap before
{Heap before GC invocations=1 (full 0):
 garbage-first heap   total 251904K, used 27543K [0x000000070ac00000, 0x0000000800000000)
  region size 2048K, 14 young (28672K), 2 survivors (4096K)
 Metaspace       used 21292K, committed 21504K, reserved 1114112K
  class space    used 2128K, committed 2176K, reserved 1048576K
}
Event: 0.463 GC heap after
{Heap after GC invocations=2 (full 0):
 garbage-first heap   total 251904K, used 7846K [0x000000070ac00000, 0x0000000800000000)
  region size 2048K, 1 young (2048K), 1 survivors (2048K)
 Metaspace       used 21292K, committed 21504K, reserved 1114112K
  class space    used 2128K, committed 2176K, reserved 1048576K
}
Event: 0.616 GC heap before
{Heap before GC invocations=3 (full 0):
 garbage-first heap   total 40960K, used 26278K [0x000000070ac00000, 0x0000000800000000)
  region size 2048K, 11 young (22528K), 1 survivors (2048K)
 Metaspace       used 26811K, committed 27072K, reserved 1114112K
  class space    used 2716K, committed 2816K, reserved 1048576K
}
Event: 0.618 GC heap after
{Heap after GC invocations=4 (full 0):
 garbage-first heap   total 40960K, used 8486K [0x000000070ac00000, 0x0000000800000000)
  region size 2048K, 1 young (2048K), 1 survivors (2048K)
 Metaspace       used 26811K, committed 27072K, reserved 1114112K
  class space    used 2716K, committed 2816K, reserved 1048576K
}
Event: 0.629 GC heap before
{Heap before GC invocations=4 (full 0):
 garbage-first heap   total 40960K, used 8486K [0x000000070ac00000, 0x0000000800000000)
  region size 2048K, 2 young (4096K), 1 survivors (2048K)
 Metaspace       used 27325K, committed 27584K, reserved 1114112K
  class space    used 2775K, committed 2880K, reserved 1048576K
}
Event: 0.631 GC heap after
{Heap after GC invocations=5 (full 0):
 garbage-first heap   total 40960K, used 8538K [0x000000070ac00000, 0x0000000800000000)
  region size 2048K, 1 young (2048K), 1 survivors (2048K)
 Metaspace       used 27325K, committed 27584K, reserved 1114112K
  class space    used 2775K, committed 2880K, reserved 1048576K
}
Event: 0.771 GC heap before
{Heap before GC invocations=5 (full 0):
 garbage-first heap   total 40960K, used 26970K [0x000000070ac00000, 0x0000000800000000)
  region size 2048K, 10 young (20480K), 1 survivors (2048K)
 Metaspace       used 31415K, committed 31680K, reserved 1114112K
  class space    used 3250K, committed 3392K, reserved 1048576K
}
Event: 0.773 GC heap after
{Heap after GC invocations=6 (full 0):
 garbage-first heap   total 40960K, used 10171K [0x000000070ac00000, 0x0000000800000000)
  region size 2048K, 2 young (4096K), 2 survivors (4096K)
 Metaspace       used 31415K, committed 31680K, reserved 1114112K
  class space    used 3250K, committed 3392K, reserved 1048576K
}
Event: 0.915 GC heap before
{Heap before GC invocations=6 (full 0):
 garbage-first heap   total 40960K, used 26555K [0x000000070ac00000, 0x0000000800000000)
  region size 2048K, 10 young (20480K), 2 survivors (4096K)
 Metaspace       used 32160K, committed 32384K, reserved 1114112K
  class space    used 3322K, committed 3456K, reserved 1048576K
}
Event: 0.917 GC heap after
{Heap after GC invocations=7 (full 0):
 garbage-first heap   total 147456K, used 12791K [0x000000070ac00000, 0x0000000800000000)
  region size 2048K, 2 young (4096K), 2 survivors (4096K)
 Metaspace       used 32160K, committed 32384K, reserved 1114112K
  class space    used 3322K, committed 3456K, reserved 1048576K
}

Dll operation events (10 events):
Event: 0.001 Loaded shared library /opt/kodrix-ide/lib/runtime/lib/libjava.so
Event: 0.023 Loaded shared library /opt/kodrix-ide/lib/runtime/lib/libnio.so
Event: 0.026 Loaded shared library /opt/kodrix-ide/lib/runtime/lib/libzip.so
Event: 0.054 Loaded shared library /opt/kodrix-ide/lib/app/libskiko-linux-x64.so
Event: 0.070 Loaded shared library /opt/kodrix-ide/lib/runtime/lib/libjimage.so
Event: 0.071 Loaded shared library /opt/kodrix-ide/lib/runtime/lib/libawt.so
Event: 0.072 Loaded shared library /opt/kodrix-ide/lib/runtime/lib/libawt_xawt.so
Event: 0.087 Loaded shared library /opt/kodrix-ide/lib/runtime/lib/libfontmanager.so
Event: 0.130 Loaded shared library /opt/kodrix-ide/lib/runtime/lib/libnet.so
Event: 0.743 Loaded shared library /tmp/libdesktop_pty15801735652233571712.so

Deoptimization events (20 events):
Event: 0.844 Thread 0x000078d2cc8519a0 Uncommon trap: trap_request=0xffffffd6 fr.pc=0x000078d2c1d77294 relative=0x00000000000007d4
Event: 0.844 Thread 0x000078d2cc8519a0 Uncommon trap: reason=array_check action=maybe_recompile pc=0x000078d2c1d77294 method=java.util.TimSort.binarySort([Ljava/lang/Object;IIILjava/util/Comparator;)V @ 193 c2
Event: 0.844 Thread 0x000078d2cc8519a0 DEOPT PACKING pc=0x000078d2c1d77294 sp=0x000078d25c191f90
Event: 0.844 Thread 0x000078d2cc8519a0 DEOPT UNPACKING pc=0x000078d2c178d699 sp=0x000078d25c191f38 mode 2
Event: 0.845 Thread 0x000078d2cc8519a0 Uncommon trap: trap_request=0xffffffd6 fr.pc=0x000078d2c1d77374 relative=0x00000000000008b4
Event: 0.845 Thread 0x000078d2cc8519a0 Uncommon trap: reason=array_check action=maybe_recompile pc=0x000078d2c1d77374 method=java.util.TimSort.binarySort([Ljava/lang/Object;IIILjava/util/Comparator;)V @ 183 c2
Event: 0.845 Thread 0x000078d2cc8519a0 DEOPT PACKING pc=0x000078d2c1d77374 sp=0x000078d25c191c30
Event: 0.845 Thread 0x000078d2cc8519a0 DEOPT UNPACKING pc=0x000078d2c178d699 sp=0x000078d25c191bd8 mode 2
Event: 0.845 Thread 0x000078d2cc8519a0 Uncommon trap: trap_request=0xffffffd6 fr.pc=0x000078d2c1d77294 relative=0x00000000000007d4
Event: 0.845 Thread 0x000078d2cc8519a0 Uncommon trap: reason=array_check action=maybe_recompile pc=0x000078d2c1d77294 method=java.util.TimSort.binarySort([Ljava/lang/Object;IIILjava/util/Comparator;)V @ 193 c2
Event: 0.845 Thread 0x000078d2cc8519a0 DEOPT PACKING pc=0x000078d2c1d77294 sp=0x000078d25c191f90
Event: 0.845 Thread 0x000078d2cc8519a0 DEOPT UNPACKING pc=0x000078d2c178d699 sp=0x000078d25c191f38 mode 2
Event: 0.845 Thread 0x000078d2cc8519a0 Uncommon trap: trap_request=0xffffffd6 fr.pc=0x000078d2c1d77150 relative=0x0000000000000690
Event: 0.845 Thread 0x000078d2cc8519a0 Uncommon trap: reason=array_check action=maybe_recompile pc=0x000078d2c1d77150 method=java.util.TimSort.binarySort([Ljava/lang/Object;IIILjava/util/Comparator;)V @ 215 c2
Event: 0.845 Thread 0x000078d2cc8519a0 DEOPT PACKING pc=0x000078d2c1d77150 sp=0x000078d25c191de0
Event: 0.845 Thread 0x000078d2cc8519a0 DEOPT UNPACKING pc=0x000078d2c178d699 sp=0x000078d25c191d88 mode 2
Event: 0.846 Thread 0x000078d2cc8519a0 Uncommon trap: trap_request=0xffffffd6 fr.pc=0x000078d2c1d77150 relative=0x0000000000000690
Event: 0.846 Thread 0x000078d2cc8519a0 Uncommon trap: reason=array_check action=maybe_recompile pc=0x000078d2c1d77150 method=java.util.TimSort.binarySort([Ljava/lang/Object;IIILjava/util/Comparator;)V @ 215 c2
Event: 0.846 Thread 0x000078d2cc8519a0 DEOPT PACKING pc=0x000078d2c1d77150 sp=0x000078d25c191c30
Event: 0.846 Thread 0x000078d2cc8519a0 DEOPT UNPACKING pc=0x000078d2c178d699 sp=0x000078d25c191bd8 mode 2

Classes loaded (20 events):
Event: 0.929 Loading class sun/awt/image/SurfaceManager
Event: 0.929 Loading class sun/awt/image/SurfaceManager done
Event: 0.929 Loading class sun/awt/image/BufferedImageGraphicsConfig
Event: 0.929 Loading class sun/awt/image/BufferedImageGraphicsConfig done
Event: 0.929 Loading class sun/print/PrinterGraphicsConfig
Event: 0.929 Loading class sun/print/PrinterGraphicsConfig done
Event: 0.929 Loading class sun/java2d/opengl/GLXGraphicsConfig
Event: 0.929 Loading class sun/java2d/opengl/OGLGraphicsConfig
Event: 0.929 Loading class sun/java2d/pipe/hw/AccelGraphicsConfig
Event: 0.929 Loading class sun/java2d/pipe/hw/BufferedContextProvider
Event: 0.929 Loading class sun/java2d/pipe/hw/BufferedContextProvider done
Event: 0.929 Loading class sun/java2d/pipe/hw/AccelGraphicsConfig done
Event: 0.929 Loading class sun/java2d/opengl/OGLGraphicsConfig done
Event: 0.929 Loading class sun/java2d/opengl/GLXGraphicsConfig done
Event: 0.929 Loading class sun/java2d/xr/XRVolatileSurfaceManager
Event: 0.929 Loading class sun/awt/image/VolatileSurfaceManager
Event: 0.929 Loading class sun/awt/image/VolatileSurfaceManager done
Event: 0.929 Loading class sun/java2d/xr/XRVolatileSurfaceManager done
Event: 0.929 Loading class sun/java2d/xr/XRSurfaceData$XRPixmapSurfaceData
Event: 0.929 Loading class sun/java2d/xr/XRSurfaceData$XRPixmapSurfaceData done

Classes unloaded (0 events):
No events

Classes redefined (0 events):
No events

Internal exceptions (20 events):
Event: 0.187 Thread 0x000078d2cc019110 Exception <a 'java/lang/NoSuchMethodError'{0x000000071968ccf0}: 'java.lang.Object java.lang.invoke.DirectMethodHandle$Holder.invokeStatic(java.lang.Object, int, java.lang.Object)'> (0x000000071968ccf0) 
thrown [./src/hotspot/share/interpreter/linkResolver.cpp, line 758]
Event: 0.188 Thread 0x000078d2cc019110 Exception <a 'java/lang/ClassNotFoundException'{0x00000007196ab7d8}: com/sun/java/swing/plaf/gtk/resources/spi/gtkProvider> (0x00000007196ab7d8) 
thrown [./src/hotspot/share/classfile/systemDictionary.cpp, line 256]
Event: 0.189 Thread 0x000078d2cc019110 Exception <a 'java/lang/ClassNotFoundException'{0x00000007196af7b8}: com/sun/swing/internal/plaf/synth/resources/spi/synthProvider> (0x00000007196af7b8) 
thrown [./src/hotspot/share/classfile/systemDictionary.cpp, line 256]
Event: 0.189 Thread 0x000078d2cc019110 Exception <a 'java/lang/ClassNotFoundException'{0x00000007196b32d8}: com/sun/swing/internal/plaf/basic/resources/spi/basicProvider> (0x00000007196b32d8) 
thrown [./src/hotspot/share/classfile/systemDictionary.cpp, line 256]
Event: 0.277 Thread 0x000078d2cc8ec520 Exception <a 'java/lang/NoSuchMethodError'{0x0000000719c16098}: 'int java.lang.invoke.DirectMethodHandle$Holder.invokeStaticInit(java.lang.Object, java.lang.Object, java.lang.Object)'> (0x0000000719c16098) 
thrown [./src/hotspot/share/interpreter/linkResolver.cpp, line 758]
Event: 0.294 Thread 0x000078d2cc8ec520 Exception <a 'java/lang/NoSuchMethodError'{0x0000000719b11428}: 'java.lang.Object java.lang.invoke.DirectMethodHandle$Holder.invokeStaticInit(java.lang.Object, java.lang.Object, long, java.lang.Object)'> (0x0000000719b11428) 
thrown [./src/hotspot/share/interpreter/linkResolver.cpp, line 758]
Event: 0.294 Thread 0x000078d2cc8ec520 Exception <a 'java/lang/NoSuchMethodError'{0x0000000719b17cd0}: 'java.lang.Object java.lang.invoke.DirectMethodHandle$Holder.newInvokeSpecial(java.lang.Object, java.lang.Object, long)'> (0x0000000719b17cd0) 
thrown [./src/hotspot/share/interpreter/linkResolver.cpp, line 758]
Event: 0.295 Thread 0x000078d2cc8ec520 Exception <a 'java/lang/NoSuchMethodError'{0x0000000719b1bae8}: 'java.lang.Object java.lang.invoke.Invokers$Holder.linkToTargetMethod(java.lang.Object, long, java.lang.Object)'> (0x0000000719b1bae8) 
thrown [./src/hotspot/share/interpreter/linkResolver.cpp, line 758]
Event: 0.295 Thread 0x000078d2cc8ec520 Exception <a 'java/lang/NoSuchMethodError'{0x0000000719b235d0}: 'java.lang.Object java.lang.invoke.DirectMethodHandle$Holder.newInvokeSpecial(java.lang.Object, java.lang.Object, java.lang.Object, int)'> (0x0000000719b235d0) 
thrown [./src/hotspot/share/interpreter/linkResolver.cpp, line 758]
Event: 0.295 Thread 0x000078d2cc8ec520 Exception <a 'java/lang/NoSuchMethodError'{0x0000000719b27c58}: 'java.lang.Object java.lang.invoke.DirectMethodHandle$Holder.invokeSpecial(java.lang.Object, java.lang.Object, java.lang.Object, java.lang.Object, int)'> (0x0000000719b27c58) 
thrown [./src/hotspot/share/interpreter/linkResolver.cpp, line 758]
Event: 0.296 Thread 0x000078d2cc8ec520 Exception <a 'java/lang/NoSuchMethodError'{0x0000000719b2bac8}: 'java.lang.Object java.lang.invoke.Invokers$Holder.linkToTargetMethod(java.lang.Object, java.lang.Object, int, java.lang.Object)'> (0x0000000719b2bac8) 
thrown [./src/hotspot/share/interpreter/linkResolver.cpp, line 758]
Event: 0.329 Thread 0x000078d2cc8ec520 Exception <a 'java/lang/NoSuchMethodError'{0x00000007196e4ad0}: 'void java.lang.invoke.DirectMethodHandle$Holder.invokeStatic(java.lang.Object, java.lang.Object, java.lang.Object)'> (0x00000007196e4ad0) 
thrown [./src/hotspot/share/interpreter/linkResolver.cpp, line 758]
Event: 0.344 Thread 0x000078d2cc8ec520 Exception <a 'java/lang/NoSuchMethodError'{0x000000071950e128}: 'void java.lang.invoke.DirectMethodHandle$Holder.invokeStaticInit(java.lang.Object, java.lang.Object)'> (0x000000071950e128) 
thrown [./src/hotspot/share/interpreter/linkResolver.cpp, line 758]
Event: 0.366 Thread 0x000078d2cc8ec520 Exception <a 'java/lang/NoSuchMethodError'{0x0000000719110e10}: 'double java.lang.invoke.DirectMethodHandle$Holder.invokeStatic(java.lang.Object, double)'> (0x0000000719110e10) 
thrown [./src/hotspot/share/interpreter/linkResolver.cpp, line 758]
Event: 0.366 Thread 0x000078d2cc8ec520 Exception <a 'java/lang/NoSuchMethodError'{0x0000000719114870}: 'double java.lang.invoke.DirectMethodHandle$Holder.invokeStaticInit(java.lang.Object, double)'> (0x0000000719114870) 
thrown [./src/hotspot/share/interpreter/linkResolver.cpp, line 758]
Event: 0.368 Thread 0x000078d2cc8ec520 Exception <a 'java/lang/NoSuchMethodError'{0x000000071914f890}: 'java.lang.Object java.lang.invoke.DirectMethodHandle$Holder.newInvokeSpecial(java.lang.Object, double)'> (0x000000071914f890) 
thrown [./src/hotspot/share/interpreter/linkResolver.cpp, line 758]
Event: 0.475 Thread 0x000078d2cc8ec520 Exception <a 'java/lang/NoSuchMethodError'{0x000000071a0a24a8}: 'void java.lang.invoke.DirectMethodHandle$Holder.invokeStaticInit(java.lang.Object)'> (0x000000071a0a24a8) 
thrown [./src/hotspot/share/interpreter/linkResolver.cpp, line 758]
Event: 0.592 Thread 0x000078d2cc8ec520 Exception <a 'java/lang/NoSuchMethodError'{0x000000070c03baf0}: 'java.lang.Object java.lang.invoke.DirectMethodHandle$Holder.newInvokeSpecial(java.lang.Object, java.lang.Object, int)'> (0x000000070c03baf0) 
thrown [./src/hotspot/share/interpreter/linkResolver.cpp, line 758]
Event: 0.631 Thread 0x000078d2cc8ec520 Exception <a 'java/lang/NoSuchMethodError'{0x000000071a00b268}: 'float java.lang.invoke.DirectMethodHandle$Holder.invokeStatic(java.lang.Object, float)'> (0x000000071a00b268) 
thrown [./src/hotspot/share/interpreter/linkResolver.cpp, line 758]
Event: 0.632 Thread 0x000078d2cc8ec520 Exception <a 'java/lang/NoSuchMethodError'{0x000000071a00f4c0}: 'float java.lang.invoke.DirectMethodHandle$Holder.invokeStaticInit(java.lang.Object, float)'> (0x000000071a00f4c0) 
thrown [./src/hotspot/share/interpreter/linkResolver.cpp, line 758]

VM Operations (20 events):
Event: 0.460 Executing VM operation: CollectForMetadataAllocation
Event: 0.463 Executing VM operation: CollectForMetadataAllocation done
Event: 0.464 Executing VM operation: G1PauseRemark
Event: 0.465 Executing VM operation: G1PauseRemark done
Event: 0.465 Executing VM operation: G1PauseCleanup
Event: 0.465 Executing VM operation: G1PauseCleanup done
Event: 0.616 Executing VM operation: G1CollectForAllocation
Event: 0.618 Executing VM operation: G1CollectForAllocation done
Event: 0.629 Executing VM operation: G1CollectForAllocation
Event: 0.631 Executing VM operation: G1CollectForAllocation done
Event: 0.730 Executing VM operation: HandshakeAllThreads
Event: 0.730 Executing VM operation: HandshakeAllThreads done
Event: 0.730 Executing VM operation: HandshakeAllThreads
Event: 0.730 Executing VM operation: HandshakeAllThreads done
Event: 0.731 Executing VM operation: HandshakeAllThreads
Event: 0.731 Executing VM operation: HandshakeAllThreads done
Event: 0.771 Executing VM operation: G1CollectForAllocation
Event: 0.773 Executing VM operation: G1CollectForAllocation done
Event: 0.915 Executing VM operation: G1CollectForAllocation
Event: 0.917 Executing VM operation: G1CollectForAllocation done

Memory protections (20 events):
Event: 0.014 Protecting memory [0x000078d2b08a7000,0x000078d2b08ab000] with protection modes 0
Event: 0.021 Protecting memory [0x000078d2b07a7000,0x000078d2b07ab000] with protection modes 0
Event: 0.022 Protecting memory [0x000078d2b05a6000,0x000078d2b05aa000] with protection modes 0
Event: 0.034 Protecting memory [0x000078d2b04a6000,0x000078d2b04aa000] with protection modes 0
Event: 0.099 Protecting memory [0x000078d2a0a9e000,0x000078d2a0aa2000] with protection modes 0
Event: 0.100 Protecting memory [0x000078d2a099e000,0x000078d2a09a2000] with protection modes 0
Event: 0.210 Protecting memory [0x000078d25c094000,0x000078d25c098000] with protection modes 0
Event: 0.210 Protecting memory [0x000078d2466fd000,0x000078d246701000] with protection modes 0
Event: 0.210 Protecting memory [0x000078d2465fd000,0x000078d246601000] with protection modes 0
Event: 0.212 Protecting memory [0x000078d2464fd000,0x000078d246501000] with protection modes 0
Event: 0.216 Protecting memory [0x000078d2463fd000,0x000078d246401000] with protection modes 0
Event: 0.227 Protecting memory [0x000078d2462fd000,0x000078d246301000] with protection modes 0
Event: 0.227 Protecting memory [0x000078d2461fd000,0x000078d246201000] with protection modes 0
Event: 0.297 Protecting memory [0x000078d25d84c000,0x000078d25d850000] with protection modes 0
Event: 0.345 Protecting memory [0x000078d245bf8000,0x000078d245bfc000] with protection modes 0
Event: 0.527 Protecting memory [0x000078d244354000,0x000078d244358000] with protection modes 0
Event: 0.740 Protecting memory [0x000078d244059000,0x000078d24405d000] with protection modes 0
Event: 0.751 Protecting memory [0x000078d1ec2fe000,0x000078d1ec302000] with protection modes 0
Event: 0.751 Protecting memory [0x000078d1ec1fe000,0x000078d1ec202000] with protection modes 0
Event: 0.929 Protecting memory [0x000078d1dccff000,0x000078d1dcd03000] with protection modes 0

Nmethod flushes (0 events):
No events

Events (20 events):
Event: 0.014 Thread 0x000078d2cc019110 Thread added: 0x000078d2cc20aaf0
Event: 0.021 Thread 0x000078d2cc019110 Thread added: 0x000078d2cc26e7f0
Event: 0.022 Thread 0x000078d2cc019110 Thread added: 0x000078d2cc27cfd0
Event: 0.034 Thread 0x000078d2cc200140 Thread added: 0x000078d27c086620
Event: 0.099 Thread 0x000078d2cc019110 Thread added: 0x000078d2cc650090
Event: 0.100 Thread 0x000078d2cc019110 Thread added: 0x000078d2cc652590
Event: 0.210 Thread 0x000078d2cc019110 Thread added: 0x000078d2cc8519a0
Event: 0.210 Thread 0x000078d2cc019110 Thread added: 0x000078d2cc852110
Event: 0.210 Thread 0x000078d2cc8519a0 Thread added: 0x000078d230000fe0
Event: 0.212 Thread 0x000078d2cc019110 Thread added: 0x000078d2cc857d10
Event: 0.216 Thread 0x000078d2cc8519a0 Thread added: 0x000078d23002e690
Event: 0.227 Thread 0x000078d2cc019110 Thread added: 0x000078d2cc8e9660
Event: 0.227 Thread 0x000078d2cc019110 Thread added: 0x000078d2cc8ec520
Event: 0.297 Thread 0x000078d2cc8ec520 Thread added: 0x000078d2181c30d0
Event: 0.345 Thread 0x000078d2cc8ec520 Thread added: 0x000078d21828e630
Event: 0.527 Thread 0x000078d2cc8ec520 Thread added: 0x000078d2187852d0
Event: 0.740 Thread 0x000078d2cc201680 Thread added: 0x000078d270251e40
Event: 0.751 Thread 0x000078d2cc852110 Thread added: 0x000078d234001960
Event: 0.751 Thread 0x000078d2cc852110 Thread added: 0x000078d234002ee0
Event: 0.929 Thread 0x000078d2187852d0 Thread added: 0x000078d1cc0011e0


Dynamic libraries:
70ac00000-713800000 rw-p 00000000 00:00 0 
713800000-718400000 ---p 00000000 00:00 0 
718400000-718600000 rw-p 00000000 00:00 0 
718600000-71a000000 ---p 00000000 00:00 0 
71a000000-71a200000 rw-p 00000000 00:00 0 
71a200000-800000000 ---p 00000000 00:00 0 
800000000-800020000 rw-p 00000000 00:00 0 
800020000-800040000 rw-p 00000000 00:00 0 
800040000-8000a0000 rw-p 00000000 00:00 0 
8000a0000-8000c0000 rw-p 00000000 00:00 0 
8000c0000-800140000 rw-p 00000000 00:00 0 
800140000-8001c0000 rw-p 00000000 00:00 0 
8001c0000-800200000 rw-p 00000000 00:00 0 
800200000-800340000 rw-p 00000000 00:00 0 
800340000-800350000 rw-p 00000000 00:00 0 
800350000-800380000 ---p 00000000 00:00 0 
800380000-800390000 rw-p 00000000 00:00 0 
800390000-840000000 ---p 00000000 00:00 0 
620d650e6000-620d650e7000 r--p 00000000 103:02 3160367                   /opt/kodrix-ide/bin/kodrix-ide
620d650e7000-620d650e9000 r-xp 00001000 103:02 3160367                   /opt/kodrix-ide/bin/kodrix-ide
620d650e9000-620d650ea000 r--p 00003000 103:02 3160367                   /opt/kodrix-ide/bin/kodrix-ide
620d650ea000-620d650eb000 r--p 00003000 103:02 3160367                   /opt/kodrix-ide/bin/kodrix-ide
620d650eb000-620d650ec000 rw-p 00004000 103:02 3160367                   /opt/kodrix-ide/bin/kodrix-ide
620d6b6f2000-620d6b73c000 rw-p 00000000 00:00 0                          [heap]
78d1b8000000-78d1b8021000 rw-p 00000000 00:00 0 
78d1b8021000-78d1bc000000 ---p 00000000 00:00 0 
78d1bc000000-78d1bc021000 rw-p 00000000 00:00 0 
78d1bc021000-78d1c0000000 ---p 00000000 00:00 0 
78d1c0000000-78d1c0021000 rw-p 00000000 00:00 0 
78d1c0021000-78d1c4000000 ---p 00000000 00:00 0 
78d1c4000000-78d1c4021000 rw-p 00000000 00:00 0 
78d1c4021000-78d1c8000000 ---p 00000000 00:00 0 
78d1c8000000-78d1c8021000 rw-p 00000000 00:00 0 
78d1c8021000-78d1cc000000 ---p 00000000 00:00 0 
78d1cc000000-78d1cc021000 rw-p 00000000 00:00 0 
78d1cc021000-78d1d0000000 ---p 00000000 00:00 0 
78d1d0000000-78d1d0021000 rw-p 00000000 00:00 0 
78d1d0021000-78d1d4000000 ---p 00000000 00:00 0 
78d1d4000000-78d1d4021000 rw-p 00000000 00:00 0 
78d1d4021000-78d1d8000000 ---p 00000000 00:00 0 
78d1d8000000-78d1d8021000 rw-p 00000000 00:00 0 
78d1d8021000-78d1dc000000 ---p 00000000 00:00 0 
78d1dccff000-78d1dcd03000 ---p 00000000 00:00 0 
78d1dcd03000-78d1dcdff000 rw-p 00000000 00:00 0 
78d1dcdff000-78d1dcfff000 rw-s 10388d000 00:10 2080                      anon_inode:i915.gem
78d1dcfff000-78d1dd000000 ---p 00000000 00:00 0 
78d1dd000000-78d1dd800000 rw-p 00000000 00:00 0 
78d1dd800000-78d1dd801000 r--p 00000000 103:02 11028700                  /usr/lib/x86_64-linux-gnu/libicudata.so.74.2
78d1dd801000-78d1dd802000 r-xp 00001000 103:02 11028700                  /usr/lib/x86_64-linux-gnu/libicudata.so.74.2
78d1dd802000-78d1df55e000 r--p 00002000 103:02 11028700                  /usr/lib/x86_64-linux-gnu/libicudata.so.74.2
78d1df55e000-78d1df55f000 r--p 01d5d000 103:02 11028700                  /usr/lib/x86_64-linux-gnu/libicudata.so.74.2
78d1df55f000-78d1df560000 rw-p 01d5e000 103:02 11028700                  /usr/lib/x86_64-linux-gnu/libicudata.so.74.2
78d1df583000-78d1df600000 r--p 00000000 103:02 11289795                  /usr/share/fonts/truetype/noto/NotoSans-Medium.ttf
78d1df600000-78d1e7808000 r-xp 00000000 103:02 11015499                  /usr/lib/x86_64-linux-gnu/libLLVM.so.20.1
78d1e7808000-78d1e7809000 ---p 08208000 103:02 11015499                  /usr/lib/x86_64-linux-gnu/libLLVM.so.20.1
78d1e7809000-78d1e7e9e000 r--p 08208000 103:02 11015499                  /usr/lib/x86_64-linux-gnu/libLLVM.so.20.1
78d1e7e9e000-78d1e7ee6000 rw-p 0889d000 103:02 11015499                  /usr/lib/x86_64-linux-gnu/libLLVM.so.20.1
78d1e7ee6000-78d1e7f8e000 rw-p 00000000 00:00 0 
78d1e7fb0000-78d1e7fd0000 rw-s 10094a000 00:10 2080                      anon_inode:i915.gem
78d1e7fd0000-78d1e7ff0000 rw-s 1096c2000 00:10 2080                      anon_inode:i915.gem
78d1e7ff0000-78d1e8000000 rw-s 109622000 00:10 2080                      anon_inode:i915.gem
78d1e8000000-78d1e8021000 rw-p 00000000 00:00 0 
78d1e8021000-78d1ec000000 ---p 00000000 00:00 0 
78d1ec005000-78d1ec082000 r--p 00000000 103:02 11289795                  /usr/share/fonts/truetype/noto/NotoSans-Medium.ttf
78d1ec082000-78d1ec100000 r--p 00000000 103:02 11289797                  /usr/share/fonts/truetype/noto/NotoSans-Regular.ttf
78d1ec100000-78d1ec17e000 r--p 00000000 103:02 11289797                  /usr/share/fonts/truetype/noto/NotoSans-Regular.ttf
78d1ec17e000-78d1ec1fe000 r--p 00000000 103:02 11290754                  /usr/share/fonts/truetype/noto/NotoSansMono-Bold.ttf
78d1ec1fe000-78d1ec202000 ---p 00000000 00:00 0 
78d1ec202000-78d1ec2fe000 rw-p 00000000 00:00 0 
78d1ec2fe000-78d1ec302000 ---p 00000000 00:00 0 
78d1ec302000-78d1ec3fe000 rw-p 00000000 00:00 0 
78d1ec3fe000-78d1ec3ff000 ---p 00000000 00:00 0 
78d1ec3ff000-78d1ecbff000 rw-p 00000000 00:00 0 
78d1ecbff000-78d1ecc00000 ---p 00000000 00:00 0 
78d1ecc00000-78d1ed400000 rw-p 00000000 00:00 0 
78d1ed400000-78d1ed4cf000 r--p 00000000 103:02 11028407                  /usr/lib/x86_64-linux-gnu/libgallium-25.2.8-0ubuntu0.24.04.2.so
78d1ed4cf000-78d1eece2000 r-xp 000cf000 103:02 11028407                  /usr/lib/x86_64-linux-gnu/libgallium-25.2.8-0ubuntu0.24.04.2.so
78d1eece2000-78d1efc21000 r--p 018e2000 103:02 11028407                  /usr/lib/x86_64-linux-gnu/libgallium-25.2.8-0ubuntu0.24.04.2.so
78d1efc21000-78d1efd47000 r--p 02821000 103:02 11028407                  /usr/lib/x86_64-linux-gnu/libgallium-25.2.8-0ubuntu0.24.04.2.so
78d1efd47000-78d1efd69000 rw-p 02947000 103:02 11028407                  /usr/lib/x86_64-linux-gnu/libgallium-25.2.8-0ubuntu0.24.04.2.so
78d1efd69000-78d1eff33000 rw-p 00000000 00:00 0 
78d1eff40000-78d1eff80000 rw-s 109732000 00:10 2080                      anon_inode:i915.gem
78d1eff80000-78d1f0000000 r--p 00000000 103:02 11290754                  /usr/share/fonts/truetype/noto/NotoSansMono-Bold.ttf
78d1f0000000-78d1f0021000 rw-p 00000000 00:00 0 
78d1f0021000-78d1f4000000 ---p 00000000 00:00 0 
78d1f4000000-78d1f4021000 rw-p 00000000 00:00 0 
78d1f4021000-78d1f8000000 ---p 00000000 00:00 0 
78d1f8000000-78d1f8021000 rw-p 00000000 00:00 0 
78d1f8021000-78d1fc000000 ---p 00000000 00:00 0 
78d1fc000000-78d1fc021000 rw-p 00000000 00:00 0 
78d1fc021000-78d200000000 ---p 00000000 00:00 0 
78d200000000-78d200021000 rw-p 00000000 00:00 0 
78d200021000-78d204000000 ---p 00000000 00:00 0 
78d204000000-78d204021000 rw-p 00000000 00:00 0 
78d204021000-78d208000000 ---p 00000000 00:00 0 
78d208000000-78d208021000 rw-p 00000000 00:00 0 
78d208021000-78d20c000000 ---p 00000000 00:00 0 
78d20c000000-78d20c021000 rw-p 00000000 00:00 0 
78d20c021000-78d210000000 ---p 00000000 00:00 0 
78d210000000-78d210021000 rw-p 00000000 00:00 0 
78d210021000-78d214000000 ---p 00000000 00:00 0 
78d214000000-78d214021000 rw-p 00000000 00:00 0 
78d214021000-78d218000000 ---p 00000000 00:00 0 
78d218000000-78d2197d6000 rw-p 00000000 00:00 0 
78d2197d6000-78d21c000000 ---p 00000000 00:00 0 
78d21c000000-78d21c021000 rw-p 00000000 00:00 0 
78d21c021000-78d220000000 ---p 00000000 00:00 0 
78d220000000-78d220021000 rw-p 00000000 00:00 0 
78d220021000-78d224000000 ---p 00000000 00:00 0 
78d224000000-78d224021000 rw-p 00000000 00:00 0 
78d224021000-78d228000000 ---p 00000000 00:00 0 
78d228000000-78d228034000 rw-p 00000000 00:00 0 
78d228034000-78d22c000000 ---p 00000000 00:00 0 
78d22c000000-78d22c021000 rw-p 00000000 00:00 0 
78d22c021000-78d230000000 ---p 00000000 00:00 0 
78d230000000-78d23004c000 rw-p 00000000 00:00 0 
78d23004c000-78d234000000 ---p 00000000 00:00 0 
78d234000000-78d234023000 rw-p 00000000 00:00 0 
78d234023000-78d238000000 ---p 00000000 00:00 0 
78d238000000-78d2382b9000 rw-p 00000000 00:00 0 
78d2382b9000-78d23c000000 ---p 00000000 00:00 0 
78d23c000000-78d23c021000 rw-p 00000000 00:00 0 
78d23c021000-78d240000000 ---p 00000000 00:00 0 
78d240000000-78d240021000 rw-p 00000000 00:00 0 
78d240021000-78d244000000 ---p 00000000 00:00 0 
78d244009000-78d244049000 rw-s 107e81000 00:10 2080                      anon_inode:i915.gem
78d244049000-78d244059000 rw-s 103b3f000 00:10 2080                      anon_inode:i915.gem
78d244059000-78d24405d000 ---p 00000000 00:00 0 
78d24405d000-78d244159000 rw-p 00000000 00:00 0 
78d244159000-78d2441d6000 r--p 00000000 103:02 11290777                  /usr/share/fonts/truetype/noto/NotoSansMono-Regular.ttf
78d2441d6000-78d244253000 r--p 00000000 103:02 11290777                  /usr/share/fonts/truetype/noto/NotoSansMono-Regular.ttf
78d244253000-78d244254000 ---p 00000000 00:00 0 
78d244254000-78d244354000 rw-p 00000000 00:00 0 
78d244354000-78d244358000 ---p 00000000 00:00 0 
78d244358000-78d244454000 rw-p 00000000 00:00 0 
78d244454000-78d24451f000 rw-p 00000000 00:00 0 
78d24451f000-78d24453f000 rw-s 107023000 00:10 2080                      anon_inode:i915.gem
78d24453f000-78d24455f000 rw-s 10977a000 00:10 2080                      anon_inode:i915.gem
78d24455f000-78d24457f000 rw-s 105803000 00:10 2080                      anon_inode:i915.gem
78d24457f000-78d2445ff000 rw-s 107915000 00:10 2080                      anon_inode:i915.gem
78d2445ff000-78d244600000 ---p 00000000 00:00 0 
78d244600000-78d244e00000 rw-p 00000000 00:00 0 
78d244e00000-78d245000000 rw-s 106729000 00:10 2080                      anon_inode:i915.gem
78d245000000-78d245068000 r--p 00000000 103:02 11028710                  /usr/lib/x86_64-linux-gnu/libicuuc.so.74.2
78d245068000-78d24516d000 r-xp 00068000 103:02 11028710                  /usr/lib/x86_64-linux-gnu/libicuuc.so.74.2
78d24516d000-78d2451f7000 r--p 0016d000 103:02 11028710                  /usr/lib/x86_64-linux-gnu/libicuuc.so.74.2
78d2451f7000-78d24520a000 r--p 001f7000 103:02 11028710                  /usr/lib/x86_64-linux-gnu/libicuuc.so.74.2
78d24520a000-78d24520b000 rw-p 0020a000 103:02 11028710                  /usr/lib/x86_64-linux-gnu/libicuuc.so.74.2
78d24520b000-78d24520d000 rw-p 00000000 00:00 0 
78d24520d000-78d24520f000 rw-s 1088fc000 00:10 2080                      anon_inode:i915.gem
78d24520f000-78d245210000 rw-s 00000000 00:01 3248                       /memfd:xshmfence (deleted)
78d245210000-78d245212000 rw-s 106d31000 00:10 2080                      anon_inode:i915.gem
78d245212000-78d245214000 rw-s 10979c000 00:10 2080                      anon_inode:i915.gem
78d245214000-78d245216000 rw-s 103807000 00:10 2080                      anon_inode:i915.gem
78d245216000-78d245217000 rw-s 102cc9000 00:10 2080                      anon_inode:i915.gem
78d245217000-78d245218000 rw-s 102cc8000 00:10 2080                      anon_inode:i915.gem
78d245218000-78d245219000 rw-s 102221000 00:10 2080                      anon_inode:i915.gem
78d245219000-78d24521a000 rw-s 102220000 00:10 2080                      anon_inode:i915.gem
78d24521a000-78d24521b000 rw-s 100c99000 00:10 2080                      anon_inode:i915.gem
78d24521b000-78d24522b000 rw-s 107043000 00:10 2080                      anon_inode:i915.gem
78d24522b000-78d24536c000 rw-s 00000000 103:02 3407875                   /home/zohaib/.cache/mesa_shader_cache/index
78d24536c000-78d2453ac000 rw-s 107e01000 00:10 2080                      anon_inode:i915.gem
78d2453ac000-78d2453af000 r--p 00000000 103:02 11019692                  /usr/lib/x86_64-linux-gnu/liblzma.so.5.4.5
78d2453af000-78d2453d1000 r-xp 00003000 103:02 11019692                  /usr/lib/x86_64-linux-gnu/liblzma.so.5.4.5
78d2453d1000-78d2453dc000 r--p 00025000 103:02 11019692                  /usr/lib/x86_64-linux-gnu/liblzma.so.5.4.5
78d2453dc000-78d2453dd000 r--p 00030000 103:02 11019692                  /usr/lib/x86_64-linux-gnu/liblzma.so.5.4.5
78d2453dd000-78d2453de000 rw-p 00031000 103:02 11019692                  /usr/lib/x86_64-linux-gnu/liblzma.so.5.4.5
78d2453de000-78d2453ec000 r--p 00000000 103:02 11029356                  /usr/lib/x86_64-linux-gnu/libtinfo.so.6.4
78d2453ec000-78d2453ff000 r-xp 0000e000 103:02 11029356                  /usr/lib/x86_64-linux-gnu/libtinfo.so.6.4
78d2453ff000-78d24540d000 r--p 00021000 103:02 11029356                  /usr/lib/x86_64-linux-gnu/libtinfo.so.6.4
78d24540d000-78d245411000 r--p 0002e000 103:02 11029356                  /usr/lib/x86_64-linux-gnu/libtinfo.so.6.4
78d245411000-78d245412000 rw-p 00032000 103:02 11029356                  /usr/lib/x86_64-linux-gnu/libtinfo.so.6.4
78d245412000-78d245414000 r--p 00000000 103:02 11029069                  /usr/lib/x86_64-linux-gnu/libpciaccess.so.0.11.1
78d245414000-78d245419000 r-xp 00002000 103:02 11029069                  /usr/lib/x86_64-linux-gnu/libpciaccess.so.0.11.1
78d245419000-78d24541b000 r--p 00007000 103:02 11029069                  /usr/lib/x86_64-linux-gnu/libpciaccess.so.0.11.1
78d24541b000-78d24541c000 r--p 00008000 103:02 11029069                  /usr/lib/x86_64-linux-gnu/libpciaccess.so.0.11.1
78d24541c000-78d24541d000 rw-p 00009000 103:02 11029069                  /usr/lib/x86_64-linux-gnu/libpciaccess.so.0.11.1
78d24541d000-78d24544c000 r--p 00000000 103:02 11012777                  /usr/lib/x86_64-linux-gnu/libxml2.so.2.9.14
78d24544c000-78d2455b2000 r-xp 0002f000 103:02 11012777                  /usr/lib/x86_64-linux-gnu/libxml2.so.2.9.14
78d2455b2000-78d2455f4000 r--p 00195000 103:02 11012777                  /usr/lib/x86_64-linux-gnu/libxml2.so.2.9.14
78d2455f4000-78d2455fd000 r--p 001d6000 103:02 11012777                  /usr/lib/x86_64-linux-gnu/libxml2.so.2.9.14
78d2455fd000-78d2455fe000 rw-p 001df000 103:02 11012777                  /usr/lib/x86_64-linux-gnu/libxml2.so.2.9.14
78d2455fe000-78d2455ff000 rw-p 00000000 00:00 0 
78d2455ff000-78d245607000 r--p 00000000 103:02 11028286                  /usr/lib/x86_64-linux-gnu/libedit.so.2.0.72
78d245607000-78d245626000 r-xp 00008000 103:02 11028286                  /usr/lib/x86_64-linux-gnu/libedit.so.2.0.72
78d245626000-78d245632000 r--p 00027000 103:02 11028286                  /usr/lib/x86_64-linux-gnu/libedit.so.2.0.72
78d245632000-78d245634000 r--p 00033000 103:02 11028286                  /usr/lib/x86_64-linux-gnu/libedit.so.2.0.72
78d245634000-78d245635000 rw-p 00035000 103:02 11028286                  /usr/lib/x86_64-linux-gnu/libedit.so.2.0.72
78d245635000-78d245639000 rw-p 00000000 00:00 0 
78d245639000-78d24563d000 r--p 00000000 103:02 11029614                  /usr/lib/x86_64-linux-gnu/libzstd.so.1.5.5
78d24563d000-78d2456e4000 r-xp 00004000 103:02 11029614                  /usr/lib/x86_64-linux-gnu/libzstd.so.1.5.5
78d2456e4000-78d2456f1000 r--p 000ab000 103:02 11029614                  /usr/lib/x86_64-linux-gnu/libzstd.so.1.5.5
78d2456f1000-78d2456f2000 r--p 000b7000 103:02 11029614                  /usr/lib/x86_64-linux-gnu/libzstd.so.1.5.5
78d2456f2000-78d2456f3000 rw-p 000b8000 103:02 11029614                  /usr/lib/x86_64-linux-gnu/libzstd.so.1.5.5
78d2456f3000-78d2456f4000 ---p 00000000 00:00 0 
78d2456f4000-78d2457f4000 rw-p 00000000 00:00 0 
78d2457f4000-78d2457f5000 ---p 00000000 00:00 0 
78d2457f5000-78d2458f5000 rw-p 00000000 00:00 0 
78d2458f5000-78d2458f6000 ---p 00000000 00:00 0 
78d2458f6000-78d2459f6000 rw-p 00000000 00:00 0 
78d2459f6000-78d2459f7000 ---p 00000000 00:00 0 
78d2459f7000-78d245af7000 rw-p 00000000 00:00 0 
78d245af7000-78d245af8000 ---p 00000000 00:00 0 
78d245af8000-78d245bf8000 rw-p 00000000 00:00 0 
78d245bf8000-78d245bfc000 ---p 00000000 00:00 0 
78d245bfc000-78d245cf8000 rw-p 00000000 00:00 0 
78d245cf8000-78d245cf9000 ---p 00000000 00:00 0 
78d245cf9000-78d245df9000 rw-p 00000000 00:00 0 
78d245df9000-78d245dfa000 ---p 00000000 00:00 0 
78d245dfa000-78d245efa000 rw-p 00000000 00:00 0 
78d245efa000-78d245efb000 ---p 00000000 00:00 0 
78d245efb000-78d245ffb000 rw-p 00000000 00:00 0 
78d245ffb000-78d245ffc000 ---p 00000000 00:00 0 
78d245ffc000-78d2460fc000 rw-p 00000000 00:00 0 
78d2460fc000-78d2460fd000 ---p 00000000 00:00 0 
78d2460fd000-78d2461fd000 rw-p 00000000 00:00 0 
78d2461fd000-78d246201000 ---p 00000000 00:00 0 
78d246201000-78d2462fd000 rw-p 00000000 00:00 0 
78d2462fd000-78d246301000 ---p 00000000 00:00 0 
78d246301000-78d2463fd000 rw-p 00000000 00:00 0 
78d2463fd000-78d246401000 ---p 00000000 00:00 0 
78d246401000-78d2464fd000 rw-p 00000000 00:00 0 
78d2464fd000-78d246501000 ---p 00000000 00:00 0 
78d246501000-78d2465fd000 rw-p 00000000 00:00 0 
78d2465fd000-78d246601000 ---p 00000000 00:00 0 
78d246601000-78d2466fd000 rw-p 00000000 00:00 0 
78d2466fd000-78d246701000 ---p 00000000 00:00 0 
78d246701000-78d2467fd000 rw-p 00000000 00:00 0 
78d2467fd000-78d2467fe000 ---p 00000000 00:00 0 
78d2467fe000-78d246ffe000 rw-p 00000000 00:00 0 
78d246ffe000-78d246fff000 ---p 00000000 00:00 0 
78d246fff000-78d2477ff000 rw-p 00000000 00:00 0 
78d2477ff000-78d247800000 ---p 00000000 00:00 0 
78d247800000-78d248000000 rw-p 00000000 00:00 0 
78d248000000-78d248021000 rw-p 00000000 00:00 0 
78d248021000-78d24c000000 ---p 00000000 00:00 0 
78d24c000000-78d24c021000 rw-p 00000000 00:00 0 
78d24c021000-78d250000000 ---p 00000000 00:00 0 
78d250000000-78d250021000 rw-p 00000000 00:00 0 
78d250021000-78d254000000 ---p 00000000 00:00 0 
78d254000000-78d254080000 rw-p 00000000 00:00 0 
78d254080000-78d258000000 ---p 00000000 00:00 0 
78d258000000-78d258021000 rw-p 00000000 00:00 0 
78d258021000-78d25c000000 ---p 00000000 00:00 0 
78d25c000000-78d25c001000 rw-s 100c98000 00:10 2080                      anon_inode:i915.gem
78d25c001000-78d25c002000 rw-s 100f57000 00:10 2080                      anon_inode:i915.gem
78d25c002000-78d25c003000 rw-s 100f56000 00:10 2080                      anon_inode:i915.gem
78d25c003000-78d25c004000 rw-s 101287000 00:10 2080                      anon_inode:i915.gem
78d25c004000-78d25c005000 rw-s 101286000 00:10 2080                      anon_inode:i915.gem
78d25c005000-78d25c008000 r--p 00000000 103:02 11013814                  /usr/lib/x86_64-linux-gnu/libdrm_intel.so.1.125.0
78d25c008000-78d25c01e000 r-xp 00003000 103:02 11013814                  /usr/lib/x86_64-linux-gnu/libdrm_intel.so.1.125.0
78d25c01e000-78d25c027000 r--p 00019000 103:02 11013814                  /usr/lib/x86_64-linux-gnu/libdrm_intel.so.1.125.0
78d25c027000-78d25c028000 r--p 00021000 103:02 11013814                  /usr/lib/x86_64-linux-gnu/libdrm_intel.so.1.125.0
78d25c028000-78d25c029000 rw-p 00022000 103:02 11013814                  /usr/lib/x86_64-linux-gnu/libdrm_intel.so.1.125.0
78d25c029000-78d25c02c000 r--p 00000000 103:02 11028299                  /usr/lib/x86_64-linux-gnu/libelf-0.190.so
78d25c02c000-78d25c042000 r-xp 00003000 103:02 11028299                  /usr/lib/x86_64-linux-gnu/libelf-0.190.so
78d25c042000-78d25c046000 r--p 00019000 103:02 11028299                  /usr/lib/x86_64-linux-gnu/libelf-0.190.so
78d25c046000-78d25c047000 r--p 0001c000 103:02 11028299                  /usr/lib/x86_64-linux-gnu/libelf-0.190.so
78d25c047000-78d25c048000 rw-p 0001d000 103:02 11028299                  /usr/lib/x86_64-linux-gnu/libelf-0.190.so
78d25c048000-78d25c04b000 r--p 00000000 103:02 11013753                  /usr/lib/x86_64-linux-gnu/libdrm_amdgpu.so.1.125.0
78d25c04b000-78d25c051000 r-xp 00003000 103:02 11013753                  /usr/lib/x86_64-linux-gnu/libdrm_amdgpu.so.1.125.0
78d25c051000-78d25c053000 r--p 00009000 103:02 11013753                  /usr/lib/x86_64-linux-gnu/libdrm_amdgpu.so.1.125.0
78d25c053000-78d25c054000 r--p 0000a000 103:02 11013753                  /usr/lib/x86_64-linux-gnu/libdrm_amdgpu.so.1.125.0
78d25c054000-78d25c055000 rw-p 0000b000 103:02 11013753                  /usr/lib/x86_64-linux-gnu/libdrm_amdgpu.so.1.125.0
78d25c055000-78d25c056000 r--p 00000000 103:02 11029596                  /usr/lib/x86_64-linux-gnu/libxshmfence.so.1.0.0
78d25c056000-78d25c057000 r-xp 00001000 103:02 11029596                  /usr/lib/x86_64-linux-gnu/libxshmfence.so.1.0.0
78d25c057000-78d25c058000 r--p 00002000 103:02 11029596                  /usr/lib/x86_64-linux-gnu/libxshmfence.so.1.0.0
78d25c058000-78d25c059000 r--p 00002000 103:02 11029596                  /usr/lib/x86_64-linux-gnu/libxshmfence.so.1.0.0
78d25c059000-78d25c05a000 rw-p 00003000 103:02 11029596                  /usr/lib/x86_64-linux-gnu/libxshmfence.so.1.0.0
78d25c05a000-78d25c05d000 r--p 00000000 103:02 11029564                  /usr/lib/x86_64-linux-gnu/libxcb-sync.so.1.0.0
78d25c05d000-78d25c060000 r-xp 00003000 103:02 11029564                  /usr/lib/x86_64-linux-gnu/libxcb-sync.so.1.0.0
78d25c060000-78d25c061000 r--p 00006000 103:02 11029564                  /usr/lib/x86_64-linux-gnu/libxcb-sync.so.1.0.0
78d25c061000-78d25c062000 r--p 00007000 103:02 11029564                  /usr/lib/x86_64-linux-gnu/libxcb-sync.so.1.0.0
78d25c062000-78d25c063000 rw-p 00008000 103:02 11029564                  /usr/lib/x86_64-linux-gnu/libxcb-sync.so.1.0.0
78d25c063000-78d25c06a000 r--p 00000000 103:02 11029552                  /usr/lib/x86_64-linux-gnu/libxcb-randr.so.0.1.0
78d25c06a000-78d25c06f000 r-xp 00007000 103:02 11029552                  /usr/lib/x86_64-linux-gnu/libxcb-randr.so.0.1.0
78d25c06f000-78d25c072000 r--p 0000c000 103:02 11029552                  /usr/lib/x86_64-linux-gnu/libxcb-randr.so.0.1.0
78d25c072000-78d25c073000 r--p 0000f000 103:02 11029552                  /usr/lib/x86_64-linux-gnu/libxcb-randr.so.0.1.0
78d25c073000-78d25c074000 rw-p 00010000 103:02 11029552                  /usr/lib/x86_64-linux-gnu/libxcb-randr.so.0.1.0
78d25c074000-78d25c076000 r--p 00000000 103:02 11029243                  /usr/lib/x86_64-linux-gnu/libsensors.so.5.0.0
78d25c076000-78d25c07d000 r-xp 00002000 103:02 11029243                  /usr/lib/x86_64-linux-gnu/libsensors.so.5.0.0
78d25c07d000-78d25c081000 r--p 00009000 103:02 11029243                  /usr/lib/x86_64-linux-gnu/libsensors.so.5.0.0
78d25c081000-78d25c082000 r--p 0000d000 103:02 11029243                  /usr/lib/x86_64-linux-gnu/libsensors.so.5.0.0
78d25c082000-78d25c083000 rw-p 0000e000 103:02 11029243                  /usr/lib/x86_64-linux-gnu/libsensors.so.5.0.0
78d25c083000-78d25c086000 r--p 00000000 103:02 11029568                  /usr/lib/x86_64-linux-gnu/libxcb-xfixes.so.0.0.0
78d25c086000-78d25c089000 r-xp 00003000 103:02 11029568                  /usr/lib/x86_64-linux-gnu/libxcb-xfixes.so.0.0.0
78d25c089000-78d25c08b000 r--p 00006000 103:02 11029568                  /usr/lib/x86_64-linux-gnu/libxcb-xfixes.so.0.0.0
78d25c08b000-78d25c08c000 r--p 00007000 103:02 11029568                  /usr/lib/x86_64-linux-gnu/libxcb-xfixes.so.0.0.0
78d25c08c000-78d25c08d000 rw-p 00008000 103:02 11029568                  /usr/lib/x86_64-linux-gnu/libxcb-xfixes.so.0.0.0
78d25c08d000-78d25c08f000 r--p 00000000 103:02 11029540                  /usr/lib/x86_64-linux-gnu/libxcb-dri3.so.0.1.0
78d25c08f000-78d25c091000 r-xp 00002000 103:02 11029540                  /usr/lib/x86_64-linux-gnu/libxcb-dri3.so.0.1.0
78d25c091000-78d25c092000 r--p 00004000 103:02 11029540                  /usr/lib/x86_64-linux-gnu/libxcb-dri3.so.0.1.0
78d25c092000-78d25c093000 r--p 00004000 103:02 11029540                  /usr/lib/x86_64-linux-gnu/libxcb-dri3.so.0.1.0
78d25c093000-78d25c094000 rw-p 00005000 103:02 11029540                  /usr/lib/x86_64-linux-gnu/libxcb-dri3.so.0.1.0
78d25c094000-78d25c098000 ---p 00000000 00:00 0 
78d25c098000-78d25c194000 rw-p 00000000 00:00 0 
78d25c194000-78d25c195000 ---p 00000000 00:00 0 
78d25c195000-78d25c995000 rw-p 00000000 00:00 0 
78d25c995000-78d25c996000 ---p 00000000 00:00 0 
78d25c996000-78d25d196000 rw-p 00000000 00:00 0 
78d25d196000-78d25d1a8000 r--p 00000000 103:02 11153776                  /usr/lib/x86_64-linux-gnu/gvfs/libgvfscommon.so
78d25d1a8000-78d25d1c4000 r-xp 00012000 103:02 11153776                  /usr/lib/x86_64-linux-gnu/gvfs/libgvfscommon.so
78d25d1c4000-78d25d1d0000 r--p 0002e000 103:02 11153776                  /usr/lib/x86_64-linux-gnu/gvfs/libgvfscommon.so
78d25d1d0000-78d25d1d6000 r--p 00039000 103:02 11153776                  /usr/lib/x86_64-linux-gnu/gvfs/libgvfscommon.so
78d25d1d6000-78d25d1d7000 rw-p 0003f000 103:02 11153776                  /usr/lib/x86_64-linux-gnu/gvfs/libgvfscommon.so
78d25d1d7000-78d25d1e1000 r--p 00000000 103:02 11153384                  /usr/lib/x86_64-linux-gnu/gio/modules/libgvfsdbus.so
78d25d1e1000-78d25d1ff000 r-xp 0000a000 103:02 11153384                  /usr/lib/x86_64-linux-gnu/gio/modules/libgvfsdbus.so
78d25d1ff000-78d25d207000 r--p 00028000 103:02 11153384                  /usr/lib/x86_64-linux-gnu/gio/modules/libgvfsdbus.so
78d25d207000-78d25d209000 r--p 00030000 103:02 11153384                  /usr/lib/x86_64-linux-gnu/gio/modules/libgvfsdbus.so
78d25d209000-78d25d20a000 rw-p 00032000 103:02 11153384                  /usr/lib/x86_64-linux-gnu/gio/modules/libgvfsdbus.so
78d25d20a000-78d25d21a000 r--p 00000000 103:02 11028684                  /usr/lib/x86_64-linux-gnu/libibus-1.0.so.5.0.529
78d25d21a000-78d25d252000 r-xp 00010000 103:02 11028684                  /usr/lib/x86_64-linux-gnu/libibus-1.0.so.5.0.529
78d25d252000-78d25d28a000 r--p 00048000 103:02 11028684                  /usr/lib/x86_64-linux-gnu/libibus-1.0.so.5.0.529
78d25d28a000-78d25d28c000 r--p 00080000 103:02 11028684                  /usr/lib/x86_64-linux-gnu/libibus-1.0.so.5.0.529
78d25d28c000-78d25d28d000 rw-p 00082000 103:02 11028684                  /usr/lib/x86_64-linux-gnu/libibus-1.0.so.5.0.529
78d25d28d000-78d25d2f2000 r--p 00000000 103:02 11289518                  /usr/share/fonts/truetype/inter-zorin-os/Inter-Regular.ttf
78d25d2f2000-78d25d357000 r--p 00000000 103:02 11289518                  /usr/share/fonts/truetype/inter-zorin-os/Inter-Regular.ttf
78d25d357000-78d25d358000 r--p 00000000 103:02 11029550                  /usr/lib/x86_64-linux-gnu/libxcb-present.so.0.0.0
78d25d358000-78d25d359000 r-xp 00001000 103:02 11029550                  /usr/lib/x86_64-linux-gnu/libxcb-present.so.0.0.0
78d25d359000-78d25d35a000 r--p 00002000 103:02 11029550                  /usr/lib/x86_64-linux-gnu/libxcb-present.so.0.0.0
78d25d35a000-78d25d35b000 r--p 00002000 103:02 11029550                  /usr/lib/x86_64-linux-gnu/libxcb-present.so.0.0.0
78d25d35b000-78d25d35c000 rw-p 00003000 103:02 11029550                  /usr/lib/x86_64-linux-gnu/libxcb-present.so.0.0.0
78d25d35c000-78d25d35d000 r--p 00000000 103:02 11027817                  /usr/lib/x86_64-linux-gnu/libXxf86vm.so.1.0.0
78d25d35d000-78d25d360000 r-xp 00001000 103:02 11027817                  /usr/lib/x86_64-linux-gnu/libXxf86vm.so.1.0.0
78d25d360000-78d25d361000 r--p 00004000 103:02 11027817                  /usr/lib/x86_64-linux-gnu/libXxf86vm.so.1.0.0
78d25d361000-78d25d362000 r--p 00004000 103:02 11027817                  /usr/lib/x86_64-linux-gnu/libXxf86vm.so.1.0.0
78d25d362000-78d25d363000 rw-p 00005000 103:02 11027817                  /usr/lib/x86_64-linux-gnu/libXxf86vm.so.1.0.0
78d25d363000-78d25d36e000 r--p 00000000 103:02 11029542                  /usr/lib/x86_64-linux-gnu/libxcb-glx.so.0.0.0
78d25d36e000-78d25d377000 r-xp 0000b000 103:02 11029542                  /usr/lib/x86_64-linux-gnu/libxcb-glx.so.0.0.0
78d25d377000-78d25d37c000 r--p 00014000 103:02 11029542                  /usr/lib/x86_64-linux-gnu/libxcb-glx.so.0.0.0
78d25d37c000-78d25d37e000 r--p 00019000 103:02 11029542                  /usr/lib/x86_64-linux-gnu/libxcb-glx.so.0.0.0
78d25d37e000-78d25d37f000 rw-p 0001b000 103:02 11029542                  /usr/lib/x86_64-linux-gnu/libxcb-glx.so.0.0.0
78d25d37f000-78d25d384000 r--p 00000000 103:02 11010785                  /usr/lib/x86_64-linux-gnu/libdrm.so.2.125.0
78d25d384000-78d25d390000 r-xp 00005000 103:02 11010785                  /usr/lib/x86_64-linux-gnu/libdrm.so.2.125.0
78d25d390000-78d25d394000 r--p 00011000 103:02 11010785                  /usr/lib/x86_64-linux-gnu/libdrm.so.2.125.0
78d25d394000-78d25d395000 r--p 00015000 103:02 11010785                  /usr/lib/x86_64-linux-gnu/libdrm.so.2.125.0
78d25d395000-78d25d396000 rw-p 00016000 103:02 11010785                  /usr/lib/x86_64-linux-gnu/libdrm.so.2.125.0
78d25d396000-78d25d3a1000 r--p 00000000 103:02 11015537                  /usr/lib/x86_64-linux-gnu/libGLX_mesa.so.0.0.0
78d25d3a1000-78d25d3ce000 r-xp 0000b000 103:02 11015537                  /usr/lib/x86_64-linux-gnu/libGLX_mesa.so.0.0.0
78d25d3ce000-78d25d3dd000 r--p 00038000 103:02 11015537                  /usr/lib/x86_64-linux-gnu/libGLX_mesa.so.0.0.0
78d25d3dd000-78d25d3e0000 r--p 00047000 103:02 11015537                  /usr/lib/x86_64-linux-gnu/libGLX_mesa.so.0.0.0
78d25d3e0000-78d25d3e1000 rw-p 0004a000 103:02 11015537                  /usr/lib/x86_64-linux-gnu/libGLX_mesa.so.0.0.0
78d25d3e1000-78d25d3e2000 rw-p 00000000 00:00 0 
78d25d3e2000-78d25d3e3000 rw-s 108134000 00:10 2080                      anon_inode:i915.gem
78d25d3e3000-78d25d3e4000 rw-s 107074000 00:10 2080                      anon_inode:i915.gem
78d25d3e4000-78d25d3e5000 r--p 00000000 103:02 26217993                  /tmp/libdesktop_pty15801735652233571712.so
78d25d3e5000-78d25d3e6000 r-xp 00001000 103:02 26217993                  /tmp/libdesktop_pty15801735652233571712.so
78d25d3e6000-78d25d3e7000 r--p 00002000 103:02 26217993                  /tmp/libdesktop_pty15801735652233571712.so
78d25d3e7000-78d25d3e8000 r--p 00002000 103:02 26217993                  /tmp/libdesktop_pty15801735652233571712.so
78d25d3e8000-78d25d3e9000 rw-p 00003000 103:02 26217993                  /tmp/libdesktop_pty15801735652233571712.so
78d25d3e9000-78d25d3f9000 rw-s 1037bd000 00:10 2080                      anon_inode:i915.gem
78d25d3f9000-78d25d400000 r--s 00000000 103:02 11153350                  /usr/lib/x86_64-linux-gnu/gconv/gconv-modules.cache
78d25d400000-78d25d840000 r--s 00000000 103:02 22020156                  /var/cache/fontconfig/0bd3dc0958fa2205aaaa8ebb13e2872b-le64.cache-9
78d25d840000-78d25d841000 rw-s 108901000 00:10 2080                      anon_inode:i915.gem
78d25d841000-78d25d842000 rw-s 103aa4000 00:10 2080                      anon_inode:i915.gem
78d25d842000-78d25d843000 r--p 00000000 103:02 11027762                  /usr/lib/x86_64-linux-gnu/libX11-xcb.so.1.0.0
78d25d843000-78d25d844000 r-xp 00001000 103:02 11027762                  /usr/lib/x86_64-linux-gnu/libX11-xcb.so.1.0.0
78d25d844000-78d25d845000 r--p 00002000 103:02 11027762                  /usr/lib/x86_64-linux-gnu/libX11-xcb.so.1.0.0
78d25d845000-78d25d846000 r--p 00002000 103:02 11027762                  /usr/lib/x86_64-linux-gnu/libX11-xcb.so.1.0.0
78d25d846000-78d25d847000 rw-p 00003000 103:02 11027762                  /usr/lib/x86_64-linux-gnu/libX11-xcb.so.1.0.0
78d25d847000-78d25d848000 r--p 00000000 103:02 3164436                   /opt/kodrix-ide/lib/runtime/lib/libjawt.so
78d25d848000-78d25d849000 r-xp 00001000 103:02 3164436                   /opt/kodrix-ide/lib/runtime/lib/libjawt.so
78d25d849000-78d25d84a000 r--p 00002000 103:02 3164436                   /opt/kodrix-ide/lib/runtime/lib/libjawt.so
78d25d84a000-78d25d84b000 r--p 00002000 103:02 3164436                   /opt/kodrix-ide/lib/runtime/lib/libjawt.so
78d25d84b000-78d25d84c000 rw-p 00003000 103:02 3164436                   /opt/kodrix-ide/lib/runtime/lib/libjawt.so
78d25d84c000-78d25d850000 ---p 00000000 00:00 0 
78d25d850000-78d25d86e000 rw-p 00000000 00:00 0 
78d25d86e000-78d25d871000 r--p 00000000 103:02 11153705                  /usr/lib/x86_64-linux-gnu/gtk-2.0/2.10.0/immodules/im-ibus.so
78d25d871000-78d25d875000 r-xp 00003000 103:02 11153705                  /usr/lib/x86_64-linux-gnu/gtk-2.0/2.10.0/immodules/im-ibus.so
78d25d875000-78d25d877000 r--p 00007000 103:02 11153705                  /usr/lib/x86_64-linux-gnu/gtk-2.0/2.10.0/immodules/im-ibus.so
78d25d877000-78d25d878000 r--p 00008000 103:02 11153705                  /usr/lib/x86_64-linux-gnu/gtk-2.0/2.10.0/immodules/im-ibus.so
78d25d878000-78d25d879000 rw-p 00009000 103:02 11153705                  /usr/lib/x86_64-linux-gnu/gtk-2.0/2.10.0/immodules/im-ibus.so
78d25d879000-78d25d87f000 r--s 00000000 103:02 22020180                  /var/cache/fontconfig/93a229ddef8289df64ac13624924bd14-le64.cache-9
78d25d87f000-78d25d883000 r--s 00000000 103:02 22020172                  /var/cache/fontconfig/62a296f92cd800a49657533f3dfe810f-le64.cache-9
78d25d883000-78d25d891000 r--s 00000000 103:02 22020184                  /var/cache/fontconfig/a4e60e8d1e10d2fdff3fe3037a1845fb-le64.cache-9
78d25d891000-78d25d8ef000 r--s 00000000 103:02 22020161                  /var/cache/fontconfig/2300eef321c393bfd76478a5c0e95b23-le64.cache-9
78d25d8ef000-78d25d8f8000 r--s 00000000 103:02 22020179                  /var/cache/fontconfig/7ff0f27471eb627658d24321507a1276-le64.cache-9
78d25d8f8000-78d25d8fd000 r--s 00000000 103:02 22020160                  /var/cache/fontconfig/1d7fd6019ebd18f3e419755c41124483-le64.cache-9
78d25d8fd000-78d25d902000 r--s 00000000 103:02 22026984                  /var/cache/fontconfig/c57959a16110560c8d0fcea73374aeeb-le64.cache-9
78d25d902000-78d25d90a000 r--s 00000000 103:02 22020163                  /var/cache/fontconfig/3047814df9a2f067bd2d96a2b9c36e5a-le64.cache-9
78d25d90a000-78d25d919000 r--s 00000000 103:02 22020168                  /var/cache/fontconfig/4185983152e2e5ec38f5804935a67635-le64.cache-9
78d25d919000-78d25d922000 r--s 00000000 103:02 22020153                  /var/cache/fontconfig/0670f0e3141d59d4d08dacb1b39c1bed-le64.cache-9
78d25d922000-78d25d926000 r--s 00000000 103:02 22020175                  /var/cache/fontconfig/6f0718c5812be863696fcef0d120f581-le64.cache-9
78d25d926000-78d25d933000 r--s 00000000 103:02 22027675                  /var/cache/fontconfig/d589a48862398ed80a3d6066f4f56f4c-le64.cache-9
78d25d933000-78d25d943000 r--s 00000000 103:02 22020174                  /var/cache/fontconfig/6cc790b63b123a6a96ee260fcdad32a9-le64.cache-9
78d25d943000-78d25d96b000 r--s 00000000 103:02 22020182                  /var/cache/fontconfig/9b89f8e3dae116d678bbf48e5f21f69b-le64.cache-9
78d25d96b000-78d25d96c000 ---p 00000000 00:00 0 
78d25d96c000-78d25e16c000 rw-p 00000000 00:00 0 
78d25e16c000-78d25e171000 r--p 00000000 103:02 11153700                  /usr/lib/x86_64-linux-gnu/gtk-2.0/2.10.0/engines/libmurrine.so
78d25e171000-78d25e1a5000 r-xp 00005000 103:02 11153700                  /usr/lib/x86_64-linux-gnu/gtk-2.0/2.10.0/engines/libmurrine.so
78d25e1a5000-78d25e1a9000 r--p 00039000 103:02 11153700                  /usr/lib/x86_64-linux-gnu/gtk-2.0/2.10.0/engines/libmurrine.so
78d25e1a9000-78d25e1aa000 r--p 0003d000 103:02 11153700                  /usr/lib/x86_64-linux-gnu/gtk-2.0/2.10.0/engines/libmurrine.so
78d25e1aa000-78d25e1ab000 rw-p 0003e000 103:02 11153700                  /usr/lib/x86_64-linux-gnu/gtk-2.0/2.10.0/engines/libmurrine.so
78d25e1ab000-78d25e1ac000 r--p 00000000 103:02 11028621                  /usr/lib/x86_64-linux-gnu/libgthread-2.0.so.0.8000.0
78d25e1ac000-78d25e1ad000 r-xp 00001000 103:02 11028621                  /usr/lib/x86_64-linux-gnu/libgthread-2.0.so.0.8000.0
78d25e1ad000-78d25e1ae000 r--p 00002000 103:02 11028621                  /usr/lib/x86_64-linux-gnu/libgthread-2.0.so.0.8000.0
78d25e1ae000-78d25e1af000 r--p 00002000 103:02 11028621                  /usr/lib/x86_64-linux-gnu/libgthread-2.0.so.0.8000.0
78d25e1af000-78d25e1b0000 rw-p 00003000 103:02 11028621                  /usr/lib/x86_64-linux-gnu/libgthread-2.0.so.0.8000.0
78d25e1b0000-78d25e1b2000 r--p 00000000 103:02 11028188                  /usr/lib/x86_64-linux-gnu/libdatrie.so.1.4.0
78d25e1b2000-78d25e1b6000 r-xp 00002000 103:02 11028188                  /usr/lib/x86_64-linux-gnu/libdatrie.so.1.4.0
78d25e1b6000-78d25e1b7000 r--p 00006000 103:02 11028188                  /usr/lib/x86_64-linux-gnu/libdatrie.so.1.4.0
78d25e1b7000-78d25e1b8000 r--p 00006000 103:02 11028188                  /usr/lib/x86_64-linux-gnu/libdatrie.so.1.4.0
78d25e1b8000-78d25e1b9000 rw-p 00007000 103:02 11028188                  /usr/lib/x86_64-linux-gnu/libdatrie.so.1.4.0
78d25e1b9000-78d25e1c0000 r--p 00000000 103:02 11028045                  /usr/lib/x86_64-linux-gnu/libblkid.so.1.1.0
78d25e1c0000-78d25e1e4000 r-xp 00007000 103:02 11028045                  /usr/lib/x86_64-linux-gnu/libblkid.so.1.1.0
78d25e1e4000-78d25e1ed000 r--p 0002b000 103:02 11028045                  /usr/lib/x86_64-linux-gnu/libblkid.so.1.1.0
78d25e1ed000-78d25e1f3000 r--p 00033000 103:02 11028045                  /usr/lib/x86_64-linux-gnu/libblkid.so.1.1.0
78d25e1f3000-78d25e1f4000 rw-p 00039000 103:02 11028045                  /usr/lib/x86_64-linux-gnu/libblkid.so.1.1.0
78d25e1f4000-78d25e1f6000 r--p 00000000 103:02 11028342                  /usr/lib/x86_64-linux-gnu/libffi.so.8.1.4
78d25e1f6000-78d25e1fd000 r-xp 00002000 103:02 11028342                  /usr/lib/x86_64-linux-gnu/libffi.so.8.1.4
78d25e1fd000-78d25e1fe000 r--p 00009000 103:02 11028342                  /usr/lib/x86_64-linux-gnu/libffi.so.8.1.4
78d25e1fe000-78d25e1ff000 r--p 0000a000 103:02 11028342                  /usr/lib/x86_64-linux-gnu/libffi.so.8.1.4
78d25e1ff000-78d25e200000 rw-p 0000b000 103:02 11028342                  /usr/lib/x86_64-linux-gnu/libffi.so.8.1.4
78d25e200000-78d25fbb8000 r-xp 00000000 103:02 3164325                   /opt/kodrix-ide/lib/app/libskiko-linux-x64.so
78d25fbb8000-78d25fdb7000 ---p 019b8000 103:02 3164325                   /opt/kodrix-ide/lib/app/libskiko-linux-x64.so
78d25fdb7000-78d25fdf5000 r--p 019b7000 103:02 3164325                   /opt/kodrix-ide/lib/app/libskiko-linux-x64.so
78d25fdf5000-78d25fdf8000 rw-p 019f5000 103:02 3164325                   /opt/kodrix-ide/lib/app/libskiko-linux-x64.so
78d25fdf8000-78d25fe04000 rw-p 00000000 00:00 0 
78d25fe04000-78d25fe05000 rw-s 109f62000 00:10 2080                      anon_inode:i915.gem
78d25fe05000-78d25fe07000 r--p 00000000 103:02 11029340                  /usr/lib/x86_64-linux-gnu/libthai.so.0.3.1
78d25fe07000-78d25fe0b000 r-xp 00002000 103:02 11029340                  /usr/lib/x86_64-linux-gnu/libthai.so.0.3.1
78d25fe0b000-78d25fe0e000 r--p 00006000 103:02 11029340                  /usr/lib/x86_64-linux-gnu/libthai.so.0.3.1
78d25fe0e000-78d25fe0f000 r--p 00008000 103:02 11029340                  /usr/lib/x86_64-linux-gnu/libthai.so.0.3.1
78d25fe0f000-78d25fe10000 rw-p 00009000 103:02 11029340                  /usr/lib/x86_64-linux-gnu/libthai.so.0.3.1
78d25fe10000-78d25fe12000 r--p 00000000 103:02 11028387                  /usr/lib/x86_64-linux-gnu/libfribidi.so.0.4.0
78d25fe12000-78d25fe16000 r-xp 00002000 103:02 11028387                  /usr/lib/x86_64-linux-gnu/libfribidi.so.0.4.0
78d25fe16000-78d25fe2c000 r--p 00006000 103:02 11028387                  /usr/lib/x86_64-linux-gnu/libfribidi.so.0.4.0
78d25fe2c000-78d25fe2d000 r--p 0001c000 103:02 11028387                  /usr/lib/x86_64-linux-gnu/libfribidi.so.0.4.0
78d25fe2d000-78d25fe2e000 rw-p 0001d000 103:02 11028387                  /usr/lib/x86_64-linux-gnu/libfribidi.so.0.4.0
78d25fe2e000-78d25fe34000 r--p 00000000 103:02 11029240                  /usr/lib/x86_64-linux-gnu/libselinux.so.1
78d25fe34000-78d25fe51000 r-xp 00006000 103:02 11029240                  /usr/lib/x86_64-linux-gnu/libselinux.so.1
78d25fe51000-78d25fe57000 r--p 00023000 103:02 11029240                  /usr/lib/x86_64-linux-gnu/libselinux.so.1
78d25fe57000-78d25fe58000 r--p 00029000 103:02 11029240                  /usr/lib/x86_64-linux-gnu/libselinux.so.1
78d25fe58000-78d25fe59000 rw-p 0002a000 103:02 11029240                  /usr/lib/x86_64-linux-gnu/libselinux.so.1
78d25fe59000-78d25fe5b000 rw-p 00000000 00:00 0 
78d25fe5b000-78d25fe64000 r--p 00000000 103:02 11028880                  /usr/lib/x86_64-linux-gnu/libmount.so.1.1.0
78d25fe64000-78d25fe98000 r-xp 00009000 103:02 11028880                  /usr/lib/x86_64-linux-gnu/libmount.so.1.1.0
78d25fe98000-78d25fea5000 r--p 0003d000 103:02 11028880                  /usr/lib/x86_64-linux-gnu/libmount.so.1.1.0
78d25fea5000-78d25fea7000 r--p 00049000 103:02 11028880                  /usr/lib/x86_64-linux-gnu/libmount.so.1.1.0
78d25fea7000-78d25fea8000 rw-p 0004b000 103:02 11028880                  /usr/lib/x86_64-linux-gnu/libmount.so.1.1.0
78d25fea8000-78d25feac000 r--p 00000000 103:02 11028761                  /usr/lib/x86_64-linux-gnu/libjpeg.so.8.2.2
78d25feac000-78d25fef9000 r-xp 00004000 103:02 11028761                  /usr/lib/x86_64-linux-gnu/libjpeg.so.8.2.2
78d25fef9000-78d25ff29000 r--p 00051000 103:02 11028761                  /usr/lib/x86_64-linux-gnu/libjpeg.so.8.2.2
78d25ff29000-78d25ff2a000 r--p 00081000 103:02 11028761                  /usr/lib/x86_64-linux-gnu/libjpeg.so.8.2.2
78d25ff2a000-78d25ff2b000 rw-p 00082000 103:02 11028761                  /usr/lib/x86_64-linux-gnu/libjpeg.so.8.2.2
78d25ff2b000-78d25ff35000 r--p 00000000 103:02 11029092                  /usr/lib/x86_64-linux-gnu/libpixman-1.so.0.42.2
78d25ff35000-78d25ffc2000 r-xp 0000a000 103:02 11029092                  /usr/lib/x86_64-linux-gnu/libpixman-1.so.0.42.2
78d25ffc2000-78d25ffd1000 r--p 00097000 103:02 11029092                  /usr/lib/x86_64-linux-gnu/libpixman-1.so.0.42.2
78d25ffd1000-78d25ffd9000 r--p 000a5000 103:02 11029092                  /usr/lib/x86_64-linux-gnu/libpixman-1.so.0.42.2
78d25ffd9000-78d25ffda000 rw-p 000ad000 103:02 11029092                  /usr/lib/x86_64-linux-gnu/libpixman-1.so.0.42.2
78d25ffda000-78d25ffdb000 r--p 00000000 103:02 11029562                  /usr/lib/x86_64-linux-gnu/libxcb-shm.so.0.0.0
78d25ffdb000-78d25ffdc000 r-xp 00001000 103:02 11029562                  /usr/lib/x86_64-linux-gnu/libxcb-shm.so.0.0.0
78d25ffdc000-78d25ffdd000 r--p 00002000 103:02 11029562                  /usr/lib/x86_64-linux-gnu/libxcb-shm.so.0.0.0
78d25ffdd000-78d25ffde000 r--p 00002000 103:02 11029562                  /usr/lib/x86_64-linux-gnu/libxcb-shm.so.0.0.0
78d25ffde000-78d25ffdf000 rw-p 00003000 103:02 11029562                  /usr/lib/x86_64-linux-gnu/libxcb-shm.so.0.0.0
78d25ffdf000-78d25ffe4000 r--p 00000000 103:02 11029556                  /usr/lib/x86_64-linux-gnu/libxcb-render.so.0.0.0
78d25ffe4000-78d25ffe9000 r-xp 00005000 103:02 11029556                  /usr/lib/x86_64-linux-gnu/libxcb-render.so.0.0.0
78d25ffe9000-78d25ffec000 r--p 0000a000 103:02 11029556                  /usr/lib/x86_64-linux-gnu/libxcb-render.so.0.0.0
78d25ffec000-78d25ffed000 r--p 0000c000 103:02 11029556                  /usr/lib/x86_64-linux-gnu/libxcb-render.so.0.0.0
78d25ffed000-78d25ffee000 rw-p 0000d000 103:02 11029556                  /usr/lib/x86_64-linux-gnu/libxcb-render.so.0.0.0
78d25ffee000-78d25ffef000 r--p 00000000 103:02 11027777                  /usr/lib/x86_64-linux-gnu/libXdamage.so.1.1.0
78d25ffef000-78d25fff0000 r-xp 00001000 103:02 11027777                  /usr/lib/x86_64-linux-gnu/libXdamage.so.1.1.0
78d25fff0000-78d25fff1000 r--p 00002000 103:02 11027777                  /usr/lib/x86_64-linux-gnu/libXdamage.so.1.1.0
78d25fff1000-78d25fff2000 r--p 00002000 103:02 11027777                  /usr/lib/x86_64-linux-gnu/libXdamage.so.1.1.0
78d25fff2000-78d25fff3000 rw-p 00003000 103:02 11027777                  /usr/lib/x86_64-linux-gnu/libXdamage.so.1.1.0
78d25fff3000-78d25fff5000 r--p 00000000 103:02 11027799                  /usr/lib/x86_64-linux-gnu/libXrandr.so.2.2.0
78d25fff5000-78d25fffc000 r-xp 00002000 103:02 11027799                  /usr/lib/x86_64-linux-gnu/libXrandr.so.2.2.0
78d25fffc000-78d25fffe000 r--p 00009000 103:02 11027799                  /usr/lib/x86_64-linux-gnu/libXrandr.so.2.2.0
78d25fffe000-78d25ffff000 r--p 0000a000 103:02 11027799                  /usr/lib/x86_64-linux-gnu/libXrandr.so.2.2.0
78d25ffff000-78d260000000 rw-p 0000b000 103:02 11027799                  /usr/lib/x86_64-linux-gnu/libXrandr.so.2.2.0
78d260000000-78d260021000 rw-p 00000000 00:00 0 
78d260021000-78d264000000 ---p 00000000 00:00 0 
78d264000000-78d264662000 rw-p 00000000 00:00 0 
78d264662000-78d268000000 ---p 00000000 00:00 0 
78d268000000-78d268021000 rw-p 00000000 00:00 0 
78d268021000-78d26c000000 ---p 00000000 00:00 0 
78d26c000000-78d26c021000 rw-p 00000000 00:00 0 
78d26c021000-78d270000000 ---p 00000000 00:00 0 
78d270000000-78d270261000 rw-p 00000000 00:00 0 
78d270261000-78d274000000 ---p 00000000 00:00 0 
78d274000000-78d274021000 rw-p 00000000 00:00 0 
78d274021000-78d278000000 ---p 00000000 00:00 0 
78d278000000-78d278021000 rw-p 00000000 00:00 0 
78d278021000-78d27c000000 ---p 00000000 00:00 0 
78d27c000000-78d27c5ab000 rw-p 00000000 00:00 0 
78d27c5ab000-78d280000000 ---p 00000000 00:00 0 
78d280000000-78d280021000 rw-p 00000000 00:00 0 
78d280021000-78d284000000 ---p 00000000 00:00 0 
78d284000000-78d284021000 rw-p 00000000 00:00 0 
78d284021000-78d288000000 ---p 00000000 00:00 0 
78d288000000-78d288021000 rw-p 00000000 00:00 0 
78d288021000-78d28c000000 ---p 00000000 00:00 0 
78d28c000000-78d28c021000 rw-p 00000000 00:00 0 
78d28c021000-78d290000000 ---p 00000000 00:00 0 
78d290000000-78d290400000 rw-p 00000000 00:00 0 
78d290400000-78d290480000 rw-p 00000000 00:00 0 
78d290480000-78d290500000 rw-p 00000000 00:00 0 
78d290500000-78d290720000 rw-p 00000000 00:00 0 
78d290720000-78d290740000 rw-p 00000000 00:00 0 
78d290740000-78d290780000 rw-p 00000000 00:00 0 
78d290780000-78d290900000 rw-p 00000000 00:00 0 
78d290900000-78d290980000 rw-p 00000000 00:00 0 
78d290980000-78d290a00000 rw-p 00000000 00:00 0 
78d290a00000-78d290b00000 rw-p 00000000 00:00 0 
78d290b00000-78d290c00000 rw-p 00000000 00:00 0 
78d290c00000-78d290f80000 rw-p 00000000 00:00 0 
78d290f80000-78d291000000 rw-p 00000000 00:00 0 
78d291000000-78d291100000 rw-p 00000000 00:00 0 
78d291100000-78d291200000 rw-p 00000000 00:00 0 
78d291200000-78d291400000 rw-p 00000000 00:00 0 
78d291400000-78d291b00000 rw-p 00000000 00:00 0 
78d291b00000-78d291bb0000 rw-p 00000000 00:00 0 
78d291bb0000-78d291c00000 ---p 00000000 00:00 0 
78d291c00000-78d291ce0000 rw-p 00000000 00:00 0 
78d291ce0000-78d294000000 ---p 00000000 00:00 0 
78d294000000-78d294021000 rw-p 00000000 00:00 0 
78d294021000-78d298000000 ---p 00000000 00:00 0 
78d298000000-78d298021000 rw-p 00000000 00:00 0 
78d298021000-78d29c000000 ---p 00000000 00:00 0 
78d29c000000-78d29c021000 rw-p 00000000 00:00 0 
78d29c021000-78d2a0000000 ---p 00000000 00:00 0 
78d2a0000000-78d2a0001000 rw-s 102510000 00:10 2080                      anon_inode:i915.gem
78d2a0002000-78d2a0003000 rw-s 1012ba000 00:10 2080                      anon_inode:i915.gem
78d2a0003000-78d2a0012000 r--p 00000000 103:02 11028495                  /usr/lib/x86_64-linux-gnu/libgobject-2.0.so.0.8000.0
78d2a0012000-78d2a0049000 r-xp 0000f000 103:02 11028495                  /usr/lib/x86_64-linux-gnu/libgobject-2.0.so.0.8000.0
78d2a0049000-78d2a0062000 r--p 00046000 103:02 11028495                  /usr/lib/x86_64-linux-gnu/libgobject-2.0.so.0.8000.0
78d2a0062000-78d2a0065000 r--p 0005e000 103:02 11028495                  /usr/lib/x86_64-linux-gnu/libgobject-2.0.so.0.8000.0
78d2a0065000-78d2a0066000 rw-p 00061000 103:02 11028495                  /usr/lib/x86_64-linux-gnu/libgobject-2.0.so.0.8000.0
78d2a0066000-78d2a0079000 r--p 00000000 103:02 11029045                  /usr/lib/x86_64-linux-gnu/libpango-1.0.so.0.5200.1
78d2a0079000-78d2a00b2000 r-xp 00013000 103:02 11029045                  /usr/lib/x86_64-linux-gnu/libpango-1.0.so.0.5200.1
78d2a00b2000-78d2a00cc000 r--p 0004c000 103:02 11029045                  /usr/lib/x86_64-linux-gnu/libpango-1.0.so.0.5200.1
78d2a00cc000-78d2a00d0000 r--p 00065000 103:02 11029045                  /usr/lib/x86_64-linux-gnu/libpango-1.0.so.0.5200.1
78d2a00d0000-78d2a00d1000 rw-p 00069000 103:02 11029045                  /usr/lib/x86_64-linux-gnu/libpango-1.0.so.0.5200.1
78d2a00d1000-78d2a00d9000 r--p 00000000 103:02 11029049                  /usr/lib/x86_64-linux-gnu/libpangoft2-1.0.so.0.5200.1
78d2a00d9000-78d2a00e6000 r-xp 00008000 103:02 11029049                  /usr/lib/x86_64-linux-gnu/libpangoft2-1.0.so.0.5200.1
78d2a00e6000-78d2a00ea000 r--p 00015000 103:02 11029049                  /usr/lib/x86_64-linux-gnu/libpangoft2-1.0.so.0.5200.1
78d2a00ea000-78d2a00eb000 r--p 00019000 103:02 11029049                  /usr/lib/x86_64-linux-gnu/libpangoft2-1.0.so.0.5200.1
78d2a00eb000-78d2a00ec000 rw-p 0001a000 103:02 11029049                  /usr/lib/x86_64-linux-gnu/libpangoft2-1.0.so.0.5200.1
78d2a00ec000-78d2a0125000 r--p 00000000 103:02 11028449                  /usr/lib/x86_64-linux-gnu/libgio-2.0.so.0.8000.0
78d2a0125000-78d2a023c000 r-xp 00039000 103:02 11028449                  /usr/lib/x86_64-linux-gnu/libgio-2.0.so.0.8000.0
78d2a023c000-78d2a02b1000 r--p 00150000 103:02 11028449                  /usr/lib/x86_64-linux-gnu/libgio-2.0.so.0.8000.0
78d2a02b1000-78d2a02b9000 r--p 001c4000 103:02 11028449                  /usr/lib/x86_64-linux-gnu/libgio-2.0.so.0.8000.0
78d2a02b9000-78d2a02ba000 rw-p 001cc000 103:02 11028449                  /usr/lib/x86_64-linux-gnu/libgio-2.0.so.0.8000.0
78d2a02ba000-78d2a02bc000 rw-p 00000000 00:00 0 
78d2a02bc000-78d2a02d0000 r--p 00000000 103:02 11028093                  /usr/lib/x86_64-linux-gnu/libcairo.so.2.11800.0
78d2a02d0000-78d2a03c1000 r-xp 00014000 103:02 11028093                  /usr/lib/x86_64-linux-gnu/libcairo.so.2.11800.0
78d2a03c1000-78d2a03f9000 r--p 00105000 103:02 11028093                  /usr/lib/x86_64-linux-gnu/libcairo.so.2.11800.0
78d2a03f9000-78d2a03fd000 r--p 0013d000 103:02 11028093                  /usr/lib/x86_64-linux-gnu/libcairo.so.2.11800.0
78d2a03fd000-78d2a03ff000 rw-p 00141000 103:02 11028093                  /usr/lib/x86_64-linux-gnu/libcairo.so.2.11800.0
78d2a03ff000-78d2a0400000 rw-p 00000000 00:00 0 
78d2a0400000-78d2a0464000 r--p 00000000 103:02 11028627                  /usr/lib/x86_64-linux-gnu/libgtk-x11-2.0.so.0.2400.33
78d2a0464000-78d2a070f000 r-xp 00064000 103:02 11028627                  /usr/lib/x86_64-linux-gnu/libgtk-x11-2.0.so.0.2400.33
78d2a070f000-78d2a0862000 r--p 0030f000 103:02 11028627                  /usr/lib/x86_64-linux-gnu/libgtk-x11-2.0.so.0.2400.33
78d2a0862000-78d2a0869000 r--p 00462000 103:02 11028627                  /usr/lib/x86_64-linux-gnu/libgtk-x11-2.0.so.0.2400.33
78d2a0869000-78d2a086d000 rw-p 00469000 103:02 11028627                  /usr/lib/x86_64-linux-gnu/libgtk-x11-2.0.so.0.2400.33
78d2a086d000-78d2a086f000 rw-p 00000000 00:00 0 
78d2a086f000-78d2a0870000 rw-s 100e9d000 00:10 2080                      anon_inode:i915.gem
78d2a0870000-78d2a0871000 r--p 00000000 103:02 11027773                  /usr/lib/x86_64-linux-gnu/libXcomposite.so.1.0.0
78d2a0871000-78d2a0872000 r-xp 00001000 103:02 11027773                  /usr/lib/x86_64-linux-gnu/libXcomposite.so.1.0.0
78d2a0872000-78d2a0873000 r--p 00002000 103:02 11027773                  /usr/lib/x86_64-linux-gnu/libXcomposite.so.1.0.0
78d2a0873000-78d2a0874000 r--p 00002000 103:02 11027773                  /usr/lib/x86_64-linux-gnu/libXcomposite.so.1.0.0
78d2a0874000-78d2a0875000 rw-p 00003000 103:02 11027773                  /usr/lib/x86_64-linux-gnu/libXcomposite.so.1.0.0
78d2a0875000-78d2a087d000 r--p 00000000 103:02 11028435                  /usr/lib/x86_64-linux-gnu/libgdk_pixbuf-2.0.so.0.4200.10
78d2a087d000-78d2a0898000 r-xp 00008000 103:02 11028435                  /usr/lib/x86_64-linux-gnu/libgdk_pixbuf-2.0.so.0.4200.10
78d2a0898000-78d2a08a1000 r--p 00023000 103:02 11028435                  /usr/lib/x86_64-linux-gnu/libgdk_pixbuf-2.0.so.0.4200.10
78d2a08a1000-78d2a08a2000 r--p 0002c000 103:02 11028435                  /usr/lib/x86_64-linux-gnu/libgdk_pixbuf-2.0.so.0.4200.10
78d2a08a2000-78d2a08a3000 rw-p 0002d000 103:02 11028435                  /usr/lib/x86_64-linux-gnu/libgdk_pixbuf-2.0.so.0.4200.10
78d2a08a3000-78d2a08ae000 r--p 00000000 103:02 11027988                  /usr/lib/x86_64-linux-gnu/libatk-1.0.so.0.25209.1
78d2a08ae000-78d2a08be000 r-xp 0000b000 103:02 11027988                  /usr/lib/x86_64-linux-gnu/libatk-1.0.so.0.25209.1
78d2a08be000-78d2a08c9000 r--p 0001b000 103:02 11027988                  /usr/lib/x86_64-linux-gnu/libatk-1.0.so.0.25209.1
78d2a08c9000-78d2a08cc000 r--p 00026000 103:02 11027988                  /usr/lib/x86_64-linux-gnu/libatk-1.0.so.0.25209.1
78d2a08cc000-78d2a08cd000 rw-p 00029000 103:02 11027988                  /usr/lib/x86_64-linux-gnu/libatk-1.0.so.0.25209.1
78d2a08cd000-78d2a08d2000 r--p 00000000 103:02 11029047                  /usr/lib/x86_64-linux-gnu/libpangocairo-1.0.so.0.5200.1
78d2a08d2000-78d2a08da000 r-xp 00005000 103:02 11029047                  /usr/lib/x86_64-linux-gnu/libpangocairo-1.0.so.0.5200.1
78d2a08da000-78d2a08dc000 r--p 0000d000 103:02 11029047                  /usr/lib/x86_64-linux-gnu/libpangocairo-1.0.so.0.5200.1
78d2a08dc000-78d2a08dd000 r--p 0000f000 103:02 11029047                  /usr/lib/x86_64-linux-gnu/libpangocairo-1.0.so.0.5200.1
78d2a08dd000-78d2a08de000 rw-p 00010000 103:02 11029047                  /usr/lib/x86_64-linux-gnu/libpangocairo-1.0.so.0.5200.1
78d2a08de000-78d2a08fa000 r--p 00000000 103:02 11028433                  /usr/lib/x86_64-linux-gnu/libgdk-x11-2.0.so.0.2400.33
78d2a08fa000-78d2a0963000 r-xp 0001c000 103:02 11028433                  /usr/lib/x86_64-linux-gnu/libgdk-x11-2.0.so.0.2400.33
78d2a0963000-78d2a0998000 r--p 00085000 103:02 11028433                  /usr/lib/x86_64-linux-gnu/libgdk-x11-2.0.so.0.2400.33
78d2a0998000-78d2a099c000 r--p 000b9000 103:02 11028433                  /usr/lib/x86_64-linux-gnu/libgdk-x11-2.0.so.0.2400.33
78d2a099c000-78d2a099e000 rw-p 000bd000 103:02 11028433                  /usr/lib/x86_64-linux-gnu/libgdk-x11-2.0.so.0.2400.33
78d2a099e000-78d2a09a2000 ---p 00000000 00:00 0 
78d2a09a2000-78d2a0a9e000 rw-p 00000000 00:00 0 
78d2a0a9e000-78d2a0aa2000 ---p 00000000 00:00 0 
78d2a0aa2000-78d2a0b9e000 rw-p 00000000 00:00 0 
78d2a0b9e000-78d2a0ba0000 r--p 00000000 103:02 11027783                  /usr/lib/x86_64-linux-gnu/libXfixes.so.3.1.0
78d2a0ba0000-78d2a0ba3000 r-xp 00002000 103:02 11027783                  /usr/lib/x86_64-linux-gnu/libXfixes.so.3.1.0
78d2a0ba3000-78d2a0ba4000 r--p 00005000 103:02 11027783                  /usr/lib/x86_64-linux-gnu/libXfixes.so.3.1.0
78d2a0ba4000-78d2a0ba5000 r--p 00005000 103:02 11027783                  /usr/lib/x86_64-linux-gnu/libXfixes.so.3.1.0
78d2a0ba5000-78d2a0ba6000 rw-p 00006000 103:02 11027783                  /usr/lib/x86_64-linux-gnu/libXfixes.so.3.1.0
78d2a0ba6000-78d2a0ba8000 r--p 00000000 103:02 11029074                  /usr/lib/x86_64-linux-gnu/libpcre2-8.so.0.11.2
78d2a0ba8000-78d2a0c16000 r-xp 00002000 103:02 11029074                  /usr/lib/x86_64-linux-gnu/libpcre2-8.so.0.11.2
78d2a0c16000-78d2a0c3e000 r--p 00070000 103:02 11029074                  /usr/lib/x86_64-linux-gnu/libpcre2-8.so.0.11.2
78d2a0c3e000-78d2a0c3f000 r--p 00097000 103:02 11029074                  /usr/lib/x86_64-linux-gnu/libpcre2-8.so.0.11.2
78d2a0c3f000-78d2a0c40000 rw-p 00098000 103:02 11029074                  /usr/lib/x86_64-linux-gnu/libpcre2-8.so.0.11.2
78d2a0c40000-78d2a0c43000 r--p 00000000 103:02 11015280                  /usr/lib/x86_64-linux-gnu/libgraphite2.so.3.2.1
78d2a0c43000-78d2a0c60000 r-xp 00003000 103:02 11015280                  /usr/lib/x86_64-linux-gnu/libgraphite2.so.3.2.1
78d2a0c60000-78d2a0c63000 r--p 00020000 103:02 11015280                  /usr/lib/x86_64-linux-gnu/libgraphite2.so.3.2.1
78d2a0c63000-78d2a0c65000 r--p 00022000 103:02 11015280                  /usr/lib/x86_64-linux-gnu/libgraphite2.so.3.2.1
78d2a0c65000-78d2a0c66000 rw-p 00024000 103:02 11015280                  /usr/lib/x86_64-linux-gnu/libgraphite2.so.3.2.1
78d2a0c66000-78d2a0c84000 r--p 00000000 103:02 11028457                  /usr/lib/x86_64-linux-gnu/libglib-2.0.so.0.8000.0
78d2a0c84000-78d2a0d24000 r-xp 0001e000 103:02 11028457                  /usr/lib/x86_64-linux-gnu/libglib-2.0.so.0.8000.0
78d2a0d24000-78d2a0dac000 r--p 000be000 103:02 11028457                  /usr/lib/x86_64-linux-gnu/libglib-2.0.so.0.8000.0
78d2a0dac000-78d2a0dad000 r--p 00146000 103:02 11028457                  /usr/lib/x86_64-linux-gnu/libglib-2.0.so.0.8000.0
78d2a0dad000-78d2a0dae000 rw-p 00147000 103:02 11028457                  /usr/lib/x86_64-linux-gnu/libglib-2.0.so.0.8000.0
78d2a0dae000-78d2a0daf000 rw-p 00000000 00:00 0 
78d2a0daf000-78d2a0dba000 r--p 00000000 103:02 11028664                  /usr/lib/x86_64-linux-gnu/libharfbuzz.so.0.60830.0
78d2a0dba000-78d2a0e88000 r-xp 0000b000 103:02 11028664                  /usr/lib/x86_64-linux-gnu/libharfbuzz.so.0.60830.0
78d2a0e88000-78d2a0eba000 r--p 000d9000 103:02 11028664                  /usr/lib/x86_64-linux-gnu/libharfbuzz.so.0.60830.0
78d2a0eba000-78d2a0ebb000 r--p 0010b000 103:02 11028664                  /usr/lib/x86_64-linux-gnu/libharfbuzz.so.0.60830.0
78d2a0ebb000-78d2a0ebc000 rw-p 0010c000 103:02 11028664                  /usr/lib/x86_64-linux-gnu/libharfbuzz.so.0.60830.0
78d2a0ebc000-78d2a0ebd000 rw-s 10259d000 00:10 2080                      anon_inode:i915.gem
78d2a0ebd000-78d2a0ebf000 r--s 00000000 103:02 22020166                  /var/cache/fontconfig/3bd6a00a1059ca9725da3f0d7afa935d-le64.cache-9
78d2a0ebf000-78d2a0ec3000 r--s 00000000 103:02 22020162                  /var/cache/fontconfig/246184dc75a16901ca37d96895904249-le64.cache-9
78d2a0ec3000-78d2a0ec9000 r--s 00000000 103:02 22020185                  /var/cache/fontconfig/b25010134a2e462c779c1c1d5ccbff7b-le64.cache-9
78d2a0ec9000-78d2a0eda000 r--s 00000000 103:02 22020195                  /var/cache/fontconfig/e13b20fdb08344e0e664864cc2ede53d-le64.cache-9
78d2a0eda000-78d2a0edd000 r--p 00000000 103:02 11027789                  /usr/lib/x86_64-linux-gnu/libXi.so.6.1.0
78d2a0edd000-78d2a0ee9000 r-xp 00003000 103:02 11027789                  /usr/lib/x86_64-linux-gnu/libXi.so.6.1.0
78d2a0ee9000-78d2a0eeb000 r--p 0000f000 103:02 11027789                  /usr/lib/x86_64-linux-gnu/libXi.so.6.1.0
78d2a0eeb000-78d2a0eec000 r--p 00011000 103:02 11027789                  /usr/lib/x86_64-linux-gnu/libXi.so.6.1.0
78d2a0eec000-78d2a0eed000 rw-p 00012000 103:02 11027789                  /usr/lib/x86_64-linux-gnu/libXi.so.6.1.0
78d2a0eed000-78d2a0ef1000 r--p 00000000 103:02 11027781                  /usr/lib/x86_64-linux-gnu/libXext.so.6.4.0
78d2a0ef1000-78d2a0efc000 r-xp 00004000 103:02 11027781                  /usr/lib/x86_64-linux-gnu/libXext.so.6.4.0
78d2a0efc000-78d2a0eff000 r--p 0000f000 103:02 11027781                  /usr/lib/x86_64-linux-gnu/libXext.so.6.4.0
78d2a0eff000-78d2a0f00000 r--p 00011000 103:02 11027781                  /usr/lib/x86_64-linux-gnu/libXext.so.6.4.0
78d2a0f00000-78d2a0f01000 rw-p 00012000 103:02 11027781                  /usr/lib/x86_64-linux-gnu/libXext.so.6.4.0
78d2a0f01000-78d2a0f2b000 r--p 00000000 103:02 3164430                   /opt/kodrix-ide/lib/runtime/lib/libawt.so
78d2a0f2b000-78d2a0fc2000 r-xp 0002a000 103:02 3164430                   /opt/kodrix-ide/lib/runtime/lib/libawt.so
78d2a0fc2000-78d2a0fcf000 r--p 000c1000 103:02 3164430                   /opt/kodrix-ide/lib/runtime/lib/libawt.so
78d2a0fcf000-78d2a0fd0000 r--p 000cd000 103:02 3164430                   /opt/kodrix-ide/lib/runtime/lib/libawt.so
78d2a0fd0000-78d2a0fdb000 rw-p 000ce000 103:02 3164430                   /opt/kodrix-ide/lib/runtime/lib/libawt.so
78d2a0fdb000-78d2a1000000 rw-p 00000000 00:00 0 
78d2a1000000-78d2a1f66000 r--p 00000000 103:02 11025013                  /usr/lib/locale/locale-archive
78d2a1f66000-78d2a1f6a000 r--s 00000000 103:02 22020154                  /var/cache/fontconfig/0843ca893a93b5446bad221815920e23-le64.cache-9
78d2a1f6a000-78d2a1f6c000 r--p 00000000 103:02 11027807                  /usr/lib/x86_64-linux-gnu/libXtst.so.6.1.0
78d2a1f6c000-78d2a1f6f000 r-xp 00002000 103:02 11027807                  /usr/lib/x86_64-linux-gnu/libXtst.so.6.1.0
78d2a1f6f000-78d2a1f70000 r--p 00005000 103:02 11027807                  /usr/lib/x86_64-linux-gnu/libXtst.so.6.1.0
78d2a1f70000-78d2a1f71000 r--p 00005000 103:02 11027807                  /usr/lib/x86_64-linux-gnu/libXtst.so.6.1.0
78d2a1f71000-78d2a1f72000 rw-p 00006000 103:02 11027807                  /usr/lib/x86_64-linux-gnu/libXtst.so.6.1.0
78d2a1f72000-78d2a1f85000 r--p 00000000 103:02 3164432                   /opt/kodrix-ide/lib/runtime/lib/libawt_xawt.so
78d2a1f85000-78d2a1fce000 r-xp 00013000 103:02 3164432                   /opt/kodrix-ide/lib/runtime/lib/libawt_xawt.so
78d2a1fce000-78d2a1fe7000 r--p 0005c000 103:02 3164432                   /opt/kodrix-ide/lib/runtime/lib/libawt_xawt.so
78d2a1fe7000-78d2a1fed000 r--p 00074000 103:02 3164432                   /opt/kodrix-ide/lib/runtime/lib/libawt_xawt.so
78d2a1fed000-78d2a1fef000 rw-p 0007a000 103:02 3164432                   /opt/kodrix-ide/lib/runtime/lib/libawt_xawt.so
78d2a1fef000-78d2a1ff1000 rw-p 00000000 00:00 0 
78d2a1ff1000-78d2a1ff3000 r--p 00000000 103:02 11028861                  /usr/lib/x86_64-linux-gnu/libmd.so.0.1.0
78d2a1ff3000-78d2a1ffc000 r-xp 00002000 103:02 11028861                  /usr/lib/x86_64-linux-gnu/libmd.so.0.1.0
78d2a1ffc000-78d2a1ffe000 r--p 0000b000 103:02 11028861                  /usr/lib/x86_64-linux-gnu/libmd.so.0.1.0
78d2a1ffe000-78d2a1fff000 r--p 0000c000 103:02 11028861                  /usr/lib/x86_64-linux-gnu/libmd.so.0.1.0
78d2a1fff000-78d2a2000000 rw-p 0000d000 103:02 11028861                  /usr/lib/x86_64-linux-gnu/libmd.so.0.1.0
78d2a2000000-78d2a4021000 rw-p 00000000 00:00 0 
78d2a4021000-78d2a8000000 ---p 00000000 00:00 0 
78d2a8000000-78d2a8021000 rw-p 00000000 00:00 0 
78d2a8021000-78d2ac000000 ---p 00000000 00:00 0 
78d2ac000000-78d2ac024000 rw-p 00000000 00:00 0 
78d2ac024000-78d2b0000000 ---p 00000000 00:00 0 
78d2b0000000-78d2b0002000 r--p 00000000 103:02 11027801                  /usr/lib/x86_64-linux-gnu/libXrender.so.1.3.0
78d2b0002000-78d2b0009000 r-xp 00002000 103:02 11027801                  /usr/lib/x86_64-linux-gnu/libXrender.so.1.3.0
78d2b0009000-78d2b000a000 r--p 00009000 103:02 11027801                  /usr/lib/x86_64-linux-gnu/libXrender.so.1.3.0
78d2b000a000-78d2b000b000 r--p 00009000 103:02 11027801                  /usr/lib/x86_64-linux-gnu/libXrender.so.1.3.0
78d2b000b000-78d2b000c000 rw-p 0000a000 103:02 11027801                  /usr/lib/x86_64-linux-gnu/libXrender.so.1.3.0
78d2b000c000-78d2b000d000 r--p 00000000 103:02 11028064                  /usr/lib/x86_64-linux-gnu/libbrotlicommon.so.1.1.0
78d2b000d000-78d2b000e000 r-xp 00001000 103:02 11028064                  /usr/lib/x86_64-linux-gnu/libbrotlicommon.so.1.1.0
78d2b000e000-78d2b002d000 r--p 00002000 103:02 11028064                  /usr/lib/x86_64-linux-gnu/libbrotlicommon.so.1.1.0
78d2b002d000-78d2b002e000 r--p 00021000 103:02 11028064                  /usr/lib/x86_64-linux-gnu/libbrotlicommon.so.1.1.0
78d2b002e000-78d2b002f000 rw-p 00022000 103:02 11028064                  /usr/lib/x86_64-linux-gnu/libbrotlicommon.so.1.1.0
78d2b002f000-78d2b0034000 r--p 00000000 103:02 11010924                  /usr/lib/x86_64-linux-gnu/libpng16.so.16.43.0
78d2b0034000-78d2b005c000 r-xp 00005000 103:02 11010924                  /usr/lib/x86_64-linux-gnu/libpng16.so.16.43.0
78d2b005c000-78d2b0065000 r--p 0002d000 103:02 11010924                  /usr/lib/x86_64-linux-gnu/libpng16.so.16.43.0
78d2b0065000-78d2b0066000 r--p 00035000 103:02 11010924                  /usr/lib/x86_64-linux-gnu/libpng16.so.16.43.0
78d2b0066000-78d2b0067000 rw-p 00036000 103:02 11010924                  /usr/lib/x86_64-linux-gnu/libpng16.so.16.43.0
78d2b0067000-78d2b006b000 r--p 00000000 103:02 11028328                  /usr/lib/x86_64-linux-gnu/libexpat.so.1.9.1
78d2b006b000-78d2b0088000 r-xp 00004000 103:02 11028328                  /usr/lib/x86_64-linux-gnu/libexpat.so.1.9.1
78d2b0088000-78d2b0090000 r--p 00021000 103:02 11028328                  /usr/lib/x86_64-linux-gnu/libexpat.so.1.9.1
78d2b0090000-78d2b0092000 r--p 00028000 103:02 11028328                  /usr/lib/x86_64-linux-gnu/libexpat.so.1.9.1
78d2b0092000-78d2b0093000 rw-p 0002a000 103:02 11028328                  /usr/lib/x86_64-linux-gnu/libexpat.so.1.9.1
78d2b0093000-78d2b00a0000 r--p 00000000 103:02 11028385                  /usr/lib/x86_64-linux-gnu/libfreetype.so.6.20.1
78d2b00a0000-78d2b0131000 r-xp 0000d000 103:02 11028385                  /usr/lib/x86_64-linux-gnu/libfreetype.so.6.20.1
78d2b0131000-78d2b0157000 r--p 0009e000 103:02 11028385                  /usr/lib/x86_64-linux-gnu/libfreetype.so.6.20.1
78d2b0157000-78d2b015e000 r--p 000c4000 103:02 11028385                  /usr/lib/x86_64-linux-gnu/libfreetype.so.6.20.1
78d2b015e000-78d2b015f000 rw-p 000cb000 103:02 11028385                  /usr/lib/x86_64-linux-gnu/libfreetype.so.6.20.1
78d2b015f000-78d2b016a000 r--p 00000000 103:02 11029574                  /usr/lib/x86_64-linux-gnu/libxcb.so.1.1.0
78d2b016a000-78d2b017d000 r-xp 0000b000 103:02 11029574                  /usr/lib/x86_64-linux-gnu/libxcb.so.1.1.0
78d2b017d000-78d2b0186000 r--p 0001e000 103:02 11029574                  /usr/lib/x86_64-linux-gnu/libxcb.so.1.1.0
78d2b0186000-78d2b0187000 r--p 00026000 103:02 11029574                  /usr/lib/x86_64-linux-gnu/libxcb.so.1.1.0
78d2b0187000-78d2b0188000 rw-p 00027000 103:02 11029574                  /usr/lib/x86_64-linux-gnu/libxcb.so.1.1.0
78d2b0188000-78d2b018b000 r--p 00000000 103:02 11027737                  /usr/lib/x86_64-linux-gnu/libGLX.so.0.0.0
78d2b018b000-78d2b01a6000 r-xp 00003000 103:02 11027737                  /usr/lib/x86_64-linux-gnu/libGLX.so.0.0.0
78d2b01a6000-78d2b01a9000 r--p 0001e000 103:02 11027737                  /usr/lib/x86_64-linux-gnu/libGLX.so.0.0.0
78d2b01a9000-78d2b01aa000 r--p 00020000 103:02 11027737                  /usr/lib/x86_64-linux-gnu/libGLX.so.0.0.0
78d2b01aa000-78d2b01ab000 rw-p 00021000 103:02 11027737                  /usr/lib/x86_64-linux-gnu/libGLX.so.0.0.0
78d2b01ab000-78d2b01bb000 rw-p 00000000 00:00 0 
78d2b01bb000-78d2b01fc000 r--p 00000000 103:02 11027742                  /usr/lib/x86_64-linux-gnu/libGLdispatch.so.0.0.0
78d2b01fc000-78d2b023b000 r-xp 00041000 103:02 11027742                  /usr/lib/x86_64-linux-gnu/libGLdispatch.so.0.0.0
78d2b023b000-78d2b024e000 r--p 00080000 103:02 11027742                  /usr/lib/x86_64-linux-gnu/libGLdispatch.so.0.0.0
78d2b024e000-78d2b026a000 r--p 00093000 103:02 11027742                  /usr/lib/x86_64-linux-gnu/libGLdispatch.so.0.0.0
78d2b026a000-78d2b026b000 rw-p 000af000 103:02 11027742                  /usr/lib/x86_64-linux-gnu/libGLdispatch.so.0.0.0
78d2b026b000-78d2b0273000 rw-p 00000000 00:00 0 
78d2b0273000-78d2b027b000 r--p 00000000 103:02 11028360                  /usr/lib/x86_64-linux-gnu/libfontconfig.so.1.12.1
78d2b027b000-78d2b02aa000 r-xp 00008000 103:02 11028360                  /usr/lib/x86_64-linux-gnu/libfontconfig.so.1.12.1
78d2b02aa000-78d2b02c1000 r--p 00037000 103:02 11028360                  /usr/lib/x86_64-linux-gnu/libfontconfig.so.1.12.1
78d2b02c1000-78d2b02c3000 r--p 0004d000 103:02 11028360                  /usr/lib/x86_64-linux-gnu/libfontconfig.so.1.12.1
78d2b02c3000-78d2b02c4000 rw-p 0004f000 103:02 11028360                  /usr/lib/x86_64-linux-gnu/libfontconfig.so.1.12.1
78d2b02c4000-78d2b02dd000 r--p 00000000 103:02 11027764                  /usr/lib/x86_64-linux-gnu/libX11.so.6.4.0
78d2b02dd000-78d2b036d000 r-xp 00019000 103:02 11027764                  /usr/lib/x86_64-linux-gnu/libX11.so.6.4.0
78d2b036d000-78d2b03fc000 r--p 000a9000 103:02 11027764                  /usr/lib/x86_64-linux-gnu/libX11.so.6.4.0
78d2b03fc000-78d2b03fd000 r--p 00138000 103:02 11027764                  /usr/lib/x86_64-linux-gnu/libX11.so.6.4.0
78d2b03fd000-78d2b0401000 rw-p 00139000 103:02 11027764                  /usr/lib/x86_64-linux-gnu/libX11.so.6.4.0
78d2b0401000-78d2b0444000 r--p 00000000 103:02 11027731                  /usr/lib/x86_64-linux-gnu/libGL.so.1.7.0
78d2b0444000-78d2b0464000 r-xp 00043000 103:02 11027731                  /usr/lib/x86_64-linux-gnu/libGL.so.1.7.0
78d2b0464000-78d2b0478000 r--p 00063000 103:02 11027731                  /usr/lib/x86_64-linux-gnu/libGL.so.1.7.0
78d2b0478000-78d2b0486000 r--p 00077000 103:02 11027731                  /usr/lib/x86_64-linux-gnu/libGL.so.1.7.0
78d2b0486000-78d2b0487000 rw-p 00085000 103:02 11027731                  /usr/lib/x86_64-linux-gnu/libGL.so.1.7.0
78d2b0487000-78d2b0488000 rw-p 00000000 00:00 0 
78d2b0488000-78d2b048a000 r--s 00000000 103:02 22020187                  /var/cache/fontconfig/c3dfd998036b05e4c1c8d0d12a83012e-le64.cache-9
78d2b048a000-78d2b048c000 r--p 00000000 103:02 11027775                  /usr/lib/x86_64-linux-gnu/libXcursor.so.1.0.2
78d2b048c000-78d2b0492000 r-xp 00002000 103:02 11027775                  /usr/lib/x86_64-linux-gnu/libXcursor.so.1.0.2
78d2b0492000-78d2b0494000 r--p 00008000 103:02 11027775                  /usr/lib/x86_64-linux-gnu/libXcursor.so.1.0.2
78d2b0494000-78d2b0495000 r--p 00009000 103:02 11027775                  /usr/lib/x86_64-linux-gnu/libXcursor.so.1.0.2
78d2b0495000-78d2b0496000 rw-p 0000a000 103:02 11027775                  /usr/lib/x86_64-linux-gnu/libXcursor.so.1.0.2
78d2b0496000-78d2b0499000 r--p 00000000 103:02 3164433                   /opt/kodrix-ide/lib/runtime/lib/libfontmanager.so
78d2b0499000-78d2b04a2000 r-xp 00003000 103:02 3164433                   /opt/kodrix-ide/lib/runtime/lib/libfontmanager.so
78d2b04a2000-78d2b04a4000 r--p 0000c000 103:02 3164433                   /opt/kodrix-ide/lib/runtime/lib/libfontmanager.so
78d2b04a4000-78d2b04a5000 r--p 0000d000 103:02 3164433                   /opt/kodrix-ide/lib/runtime/lib/libfontmanager.so
78d2b04a5000-78d2b04a6000 rw-p 0000e000 103:02 3164433                   /opt/kodrix-ide/lib/runtime/lib/libfontmanager.so
78d2b04a6000-78d2b04aa000 ---p 00000000 00:00 0 
78d2b04aa000-78d2b05a6000 rw-p 00000000 00:00 0 
78d2b05a6000-78d2b05aa000 ---p 00000000 00:00 0 
78d2b05aa000-78d2b06a6000 rw-p 00000000 00:00 0 
78d2b06a6000-78d2b06a7000 ---p 00000000 00:00 0 
78d2b06a7000-78d2b07a7000 rw-p 00000000 00:00 0 
78d2b07a7000-78d2b07ab000 ---p 00000000 00:00 0 
78d2b07ab000-78d2b08a7000 rw-p 00000000 00:00 0 
78d2b08a7000-78d2b08ab000 ---p 00000000 00:00 0 
78d2b08ab000-78d2b09a7000 rw-p 00000000 00:00 0 
78d2b09a7000-78d2b09ab000 ---p 00000000 00:00 0 
78d2b09ab000-78d2b0aa7000 rw-p 00000000 00:00 0 
78d2b0aa7000-78d2b0aab000 ---p 00000000 00:00 0 
78d2b0aab000-78d2b0ba7000 rw-p 00000000 00:00 0 
78d2b0ba7000-78d2b0bab000 ---p 00000000 00:00 0 
78d2b0bab000-78d2b0ca7000 rw-p 00000000 00:00 0 
78d2b0ca7000-78d2b0cab000 ---p 00000000 00:00 0 
78d2b0cab000-78d2b0da7000 rw-p 00000000 00:00 0 
78d2b0da7000-78d2b0dab000 ---p 00000000 00:00 0 
78d2b0dab000-78d2b0ea7000 rw-p 00000000 00:00 0 
78d2b0ea7000-78d2b0eab000 ---p 00000000 00:00 0 
78d2b0eab000-78d2b0fa7000 rw-p 00000000 00:00 0 
78d2b0fa7000-78d2b0fab000 ---p 00000000 00:00 0 
78d2b0fab000-78d2b10a7000 rw-p 00000000 00:00 0 
78d2b10a7000-78d2b10a8000 ---p 00000000 00:00 0 
78d2b10a8000-78d2b11a8000 rw-p 00000000 00:00 0 
78d2b11a8000-78d2b11a9000 ---p 00000000 00:00 0 
78d2b11a9000-78d2b12a9000 rw-p 00000000 00:00 0 
78d2b12a9000-78d2b12aa000 ---p 00000000 00:00 0 
78d2b12aa000-78d2b13aa000 rw-p 00000000 00:00 0 
78d2b13aa000-78d2b1db4000 rw-p 00000000 00:00 0 
78d2b1db4000-78d2b1db5000 ---p 00000000 00:00 0 
78d2b1db5000-78d2b1eb5000 rw-p 00000000 00:00 0 
78d2b1eb5000-78d2b1eb6000 ---p 00000000 00:00 0 
78d2b1eb6000-78d2b1fb6000 rw-p 00000000 00:00 0 
78d2b1fb6000-78d2b21e6000 rw-p 00000000 00:00 0 
78d2b21e6000-78d2b2316000 ---p 00000000 00:00 0 
78d2b2316000-78d2b231e000 rw-p 00000000 00:00 0 
78d2b231e000-78d2b2386000 ---p 00000000 00:00 0 
78d2b2386000-78d2b238e000 rw-p 00000000 00:00 0 
78d2b238e000-78d2b5d06000 ---p 00000000 00:00 0 
78d2b5d06000-78d2b5f36000 rw-p 00000000 00:00 0 
78d2b5f36000-78d2b6066000 ---p 00000000 00:00 0 
78d2b6066000-78d2b606e000 rw-p 00000000 00:00 0 
78d2b606e000-78d2b60d6000 ---p 00000000 00:00 0 
78d2b60d6000-78d2b60de000 rw-p 00000000 00:00 0 
78d2b60de000-78d2b9a56000 ---p 00000000 00:00 0 
78d2b9a56000-78d2b9a9c000 rw-p 00000000 00:00 0 
78d2b9a9c000-78d2b9ac2000 ---p 00000000 00:00 0 
78d2b9ac2000-78d2b9ac3000 rw-p 00000000 00:00 0 
78d2b9ac3000-78d2b9ad0000 ---p 00000000 00:00 0 
78d2b9ad0000-78d2b9ad1000 rw-p 00000000 00:00 0 
78d2b9ad1000-78d2ba200000 ---p 00000000 00:00 0 
78d2ba200000-78d2ba4f0000 rwxp 00000000 00:00 0 
78d2ba4f0000-78d2c1737000 ---p 00000000 00:00 0 
78d2c1737000-78d2c19a7000 rwxp 00000000 00:00 0 
78d2c19a7000-78d2c1cc9000 ---p 00000000 00:00 0 
78d2c1cc9000-78d2c1f39000 rwxp 00000000 00:00 0 
78d2c1f39000-78d2c9200000 ---p 00000000 00:00 0 
78d2c9200000-78d2cbee2000 r--s 00000000 103:02 3164449                   /opt/kodrix-ide/lib/runtime/lib/modules
78d2cbee2000-78d2cbee4000 r--p 00000000 103:02 11028463                  /usr/lib/x86_64-linux-gnu/libgmodule-2.0.so.0.8000.0
78d2cbee4000-78d2cbee6000 r-xp 00002000 103:02 11028463                  /usr/lib/x86_64-linux-gnu/libgmodule-2.0.so.0.8000.0
78d2cbee6000-78d2cbee7000 r--p 00004000 103:02 11028463                  /usr/lib/x86_64-linux-gnu/libgmodule-2.0.so.0.8000.0
78d2cbee7000-78d2cbee8000 r--p 00004000 103:02 11028463                  /usr/lib/x86_64-linux-gnu/libgmodule-2.0.so.0.8000.0
78d2cbee8000-78d2cbee9000 rw-p 00005000 103:02 11028463                  /usr/lib/x86_64-linux-gnu/libgmodule-2.0.so.0.8000.0
78d2cbee9000-78d2cbeed000 r--p 00000000 103:02 11028070                  /usr/lib/x86_64-linux-gnu/libbsd.so.0.12.1
78d2cbeed000-78d2cbef9000 r-xp 00004000 103:02 11028070                  /usr/lib/x86_64-linux-gnu/libbsd.so.0.12.1
78d2cbef9000-78d2cbefc000 r--p 00010000 103:02 11028070                  /usr/lib/x86_64-linux-gnu/libbsd.so.0.12.1
78d2cbefc000-78d2cbefd000 r--p 00012000 103:02 11028070                  /usr/lib/x86_64-linux-gnu/libbsd.so.0.12.1
78d2cbefd000-78d2cbefe000 rw-p 00013000 103:02 11028070                  /usr/lib/x86_64-linux-gnu/libbsd.so.0.12.1
78d2cbefe000-78d2cbeff000 rw-p 00000000 00:00 0 
78d2cbeff000-78d2cbf00000 ---p 00000000 00:00 0 
78d2cbf00000-78d2cc000000 rw-p 00000000 00:00 0 
78d2cc000000-78d2cc904000 rw-p 00000000 00:00 0 
78d2cc904000-78d2d0000000 ---p 00000000 00:00 0 
78d2d0000000-78d2d0001000 rw-s 1066f8000 00:10 2080                      anon_inode:i915.gem
78d2d0001000-78d2d0002000 r--p 00000000 103:02 11027791                  /usr/lib/x86_64-linux-gnu/libXinerama.so.1.0.0
78d2d0002000-78d2d0003000 r-xp 00001000 103:02 11027791                  /usr/lib/x86_64-linux-gnu/libXinerama.so.1.0.0
78d2d0003000-78d2d0004000 r--p 00002000 103:02 11027791                  /usr/lib/x86_64-linux-gnu/libXinerama.so.1.0.0
78d2d0004000-78d2d0005000 r--p 00002000 103:02 11027791                  /usr/lib/x86_64-linux-gnu/libXinerama.so.1.0.0
78d2d0005000-78d2d0006000 rw-p 00003000 103:02 11027791                  /usr/lib/x86_64-linux-gnu/libXinerama.so.1.0.0
78d2d0006000-78d2d0008000 r--p 00000000 103:02 11028077                  /usr/lib/x86_64-linux-gnu/libbz2.so.1.0.4
78d2d0008000-78d2d0016000 r-xp 00002000 103:02 11028077                  /usr/lib/x86_64-linux-gnu/libbz2.so.1.0.4
78d2d0016000-78d2d0018000 r--p 00010000 103:02 11028077                  /usr/lib/x86_64-linux-gnu/libbz2.so.1.0.4
78d2d0018000-78d2d0019000 r--p 00011000 103:02 11028077                  /usr/lib/x86_64-linux-gnu/libbz2.so.1.0.4
78d2d0019000-78d2d001a000 rw-p 00012000 103:02 11028077                  /usr/lib/x86_64-linux-gnu/libbz2.so.1.0.4
78d2d001a000-78d2d0112000 rw-p 00000000 00:00 0 
78d2d0112000-78d2d0138000 ---p 00000000 00:00 0 
78d2d0138000-78d2d0139000 rw-p 00000000 00:00 0 
78d2d0139000-78d2d0146000 ---p 00000000 00:00 0 
78d2d0146000-78d2d0147000 rw-p 00000000 00:00 0 
78d2d0147000-78d2d0876000 ---p 00000000 00:00 0 
78d2d0876000-78d2d08bc000 rw-p 00000000 00:00 0 
78d2d08bc000-78d2d08e2000 ---p 00000000 00:00 0 
78d2d08e2000-78d2d08e3000 rw-p 00000000 00:00 0 
78d2d08e3000-78d2d08f0000 ---p 00000000 00:00 0 
78d2d08f0000-78d2d08f1000 rw-p 00000000 00:00 0 
78d2d08f1000-78d2d1020000 ---p 00000000 00:00 0 
78d2d1020000-78d2d1a2f000 rw-p 00000000 00:00 0 
78d2d1a2f000-78d2d1b15000 ---p 00000000 00:00 0 
78d2d1b15000-78d2d1b1b000 rw-p 00000000 00:00 0 
78d2d1b1b000-78d2d1c00000 ---p 00000000 00:00 0 
78d2d1c00000-78d2d1c9d000 r--p 00000000 103:02 11029311                  /usr/lib/x86_64-linux-gnu/libstdc++.so.6.0.33
78d2d1c9d000-78d2d1de5000 r-xp 0009d000 103:02 11029311                  /usr/lib/x86_64-linux-gnu/libstdc++.so.6.0.33
78d2d1de5000-78d2d1e6c000 r--p 001e5000 103:02 11029311                  /usr/lib/x86_64-linux-gnu/libstdc++.so.6.0.33
78d2d1e6c000-78d2d1e77000 r--p 0026b000 103:02 11029311                  /usr/lib/x86_64-linux-gnu/libstdc++.so.6.0.33
78d2d1e77000-78d2d1e7a000 rw-p 00276000 103:02 11029311                  /usr/lib/x86_64-linux-gnu/libstdc++.so.6.0.33
78d2d1e7a000-78d2d1e7e000 rw-p 00000000 00:00 0 
78d2d1e7e000-78d2d1e81000 r--s 00000000 103:02 22020177                  /var/cache/fontconfig/708e5799b37abf90e21f0fbb44b0e143-le64.cache-9
78d2d1e81000-78d2d1f00000 rw-p 00000000 00:00 0 
78d2d1f00000-78d2d1f04000 ---p 00000000 00:00 0 
78d2d1f04000-78d2d2000000 rw-p 00000000 00:00 0 
78d2d2000000-78d2d2251000 r--p 00000000 103:02 3164457                   /opt/kodrix-ide/lib/runtime/lib/server/libjvm.so
78d2d2251000-78d2d2fc3000 r-xp 00251000 103:02 3164457                   /opt/kodrix-ide/lib/runtime/lib/server/libjvm.so
78d2d2fc3000-78d2d3244000 r--p 00fc3000 103:02 3164457                   /opt/kodrix-ide/lib/runtime/lib/server/libjvm.so
78d2d3244000-78d2d32fc000 r--p 01244000 103:02 3164457                   /opt/kodrix-ide/lib/runtime/lib/server/libjvm.so
78d2d32fc000-78d2d3331000 rw-p 012fc000 103:02 3164457                   /opt/kodrix-ide/lib/runtime/lib/server/libjvm.so
78d2d3331000-78d2d338b000 rw-p 00000000 00:00 0 
78d2d338b000-78d2d338c000 r--s 00000000 103:02 22020157                  /var/cache/fontconfig/14450a1e823b83df5890662531ce5911-le64.cache-9
78d2d338c000-78d2d338d000 r--p 00000000 103:02 11028066                  /usr/lib/x86_64-linux-gnu/libbrotlidec.so.1.1.0
78d2d338d000-78d2d3395000 r-xp 00001000 103:02 11028066                  /usr/lib/x86_64-linux-gnu/libbrotlidec.so.1.1.0
78d2d3395000-78d2d3398000 r--p 00009000 103:02 11028066                  /usr/lib/x86_64-linux-gnu/libbrotlidec.so.1.1.0
78d2d3398000-78d2d3399000 r--p 0000b000 103:02 11028066                  /usr/lib/x86_64-linux-gnu/libbrotlidec.so.1.1.0
78d2d3399000-78d2d339a000 rw-p 0000c000 103:02 11028066                  /usr/lib/x86_64-linux-gnu/libbrotlidec.so.1.1.0
78d2d339a000-78d2d339c000 r--p 00000000 103:02 3164448                   /opt/kodrix-ide/lib/runtime/lib/libzip.so
78d2d339c000-78d2d33a1000 r-xp 00002000 103:02 3164448                   /opt/kodrix-ide/lib/runtime/lib/libzip.so
78d2d33a1000-78d2d33a3000 r--p 00007000 103:02 3164448                   /opt/kodrix-ide/lib/runtime/lib/libzip.so
78d2d33a3000-78d2d33a4000 r--p 00008000 103:02 3164448                   /opt/kodrix-ide/lib/runtime/lib/libzip.so
78d2d33a4000-78d2d33a5000 rw-p 00009000 103:02 3164448                   /opt/kodrix-ide/lib/runtime/lib/libzip.so
78d2d33a5000-78d2d3400000 rw-p 00000000 00:00 0 
78d2d3400000-78d2d3428000 r--p 00000000 103:02 11028080                  /usr/lib/x86_64-linux-gnu/libc.so.6
78d2d3428000-78d2d35b0000 r-xp 00028000 103:02 11028080                  /usr/lib/x86_64-linux-gnu/libc.so.6
78d2d35b0000-78d2d35ff000 r--p 001b0000 103:02 11028080                  /usr/lib/x86_64-linux-gnu/libc.so.6
78d2d35ff000-78d2d3603000 r--p 001fe000 103:02 11028080                  /usr/lib/x86_64-linux-gnu/libc.so.6
78d2d3603000-78d2d3605000 rw-p 00202000 103:02 11028080                  /usr/lib/x86_64-linux-gnu/libc.so.6
78d2d3605000-78d2d3612000 rw-p 00000000 00:00 0 
78d2d3612000-78d2d3613000 r--s 00000000 103:02 22020194                  /var/cache/fontconfig/da43223dd54fb3bb4243ae19d4b583b2-le64.cache-9
78d2d3613000-78d2d3614000 r--s 00000000 103:02 22020167                  /var/cache/fontconfig/3f7329c5293ffd510edef78f73874cfd-le64.cache-9
78d2d3614000-78d2d3616000 r--p 00000000 103:02 11027779                  /usr/lib/x86_64-linux-gnu/libXdmcp.so.6.0.0
78d2d3616000-78d2d3618000 r-xp 00002000 103:02 11027779                  /usr/lib/x86_64-linux-gnu/libXdmcp.so.6.0.0
78d2d3618000-78d2d361a000 r--p 00004000 103:02 11027779                  /usr/lib/x86_64-linux-gnu/libXdmcp.so.6.0.0
78d2d361a000-78d2d361b000 r--p 00005000 103:02 11027779                  /usr/lib/x86_64-linux-gnu/libXdmcp.so.6.0.0
78d2d361b000-78d2d361c000 rw-p 00006000 103:02 11027779                  /usr/lib/x86_64-linux-gnu/libXdmcp.so.6.0.0
78d2d361c000-78d2d3620000 r--p 00000000 103:02 3164443                   /opt/kodrix-ide/lib/runtime/lib/libnet.so
78d2d3620000-78d2d362e000 r-xp 00004000 103:02 3164443                   /opt/kodrix-ide/lib/runtime/lib/libnet.so
78d2d362e000-78d2d3632000 r--p 00012000 103:02 3164443                   /opt/kodrix-ide/lib/runtime/lib/libnet.so
78d2d3632000-78d2d3633000 r--p 00015000 103:02 3164443                   /opt/kodrix-ide/lib/runtime/lib/libnet.so
78d2d3633000-78d2d3634000 rw-p 00016000 103:02 3164443                   /opt/kodrix-ide/lib/runtime/lib/libnet.so
78d2d3634000-78d2d363b000 r--p 00000000 103:02 3164444                   /opt/kodrix-ide/lib/runtime/lib/libnio.so
78d2d363b000-78d2d3644000 r-xp 00007000 103:02 3164444                   /opt/kodrix-ide/lib/runtime/lib/libnio.so
78d2d3644000-78d2d3648000 r--p 00010000 103:02 3164444                   /opt/kodrix-ide/lib/runtime/lib/libnio.so
78d2d3648000-78d2d3649000 r--p 00014000 103:02 3164444                   /opt/kodrix-ide/lib/runtime/lib/libnio.so
78d2d3649000-78d2d364a000 rw-p 00015000 103:02 3164444                   /opt/kodrix-ide/lib/runtime/lib/libnio.so
78d2d364a000-78d2d368b000 rw-p 00000000 00:00 0 
78d2d368b000-78d2d3697000 r--p 00000000 103:02 3164434                   /opt/kodrix-ide/lib/runtime/lib/libjava.so
78d2d3697000-78d2d36a9000 r-xp 0000c000 103:02 3164434                   /opt/kodrix-ide/lib/runtime/lib/libjava.so
78d2d36a9000-78d2d36af000 r--p 0001e000 103:02 3164434                   /opt/kodrix-ide/lib/runtime/lib/libjava.so
78d2d36af000-78d2d36b0000 r--p 00023000 103:02 3164434                   /opt/kodrix-ide/lib/runtime/lib/libjava.so
78d2d36b0000-78d2d36b1000 rw-p 00024000 103:02 3164434                   /opt/kodrix-ide/lib/runtime/lib/libjava.so
78d2d36b1000-78d2d36b2000 rw-p 00000000 00:00 0 
78d2d36b2000-78d2d36b6000 r--p 00000000 103:02 11028409                  /usr/lib/x86_64-linux-gnu/libgcc_s.so.1
78d2d36b6000-78d2d36da000 r-xp 00004000 103:02 11028409                  /usr/lib/x86_64-linux-gnu/libgcc_s.so.1
78d2d36da000-78d2d36de000 r--p 00028000 103:02 11028409                  /usr/lib/x86_64-linux-gnu/libgcc_s.so.1
78d2d36de000-78d2d36df000 r--p 0002b000 103:02 11028409                  /usr/lib/x86_64-linux-gnu/libgcc_s.so.1
78d2d36df000-78d2d36e0000 rw-p 0002c000 103:02 11028409                  /usr/lib/x86_64-linux-gnu/libgcc_s.so.1
78d2d36e0000-78d2d36f0000 r--p 00000000 103:02 11028843                  /usr/lib/x86_64-linux-gnu/libm.so.6
78d2d36f0000-78d2d376f000 r-xp 00010000 103:02 11028843                  /usr/lib/x86_64-linux-gnu/libm.so.6
78d2d376f000-78d2d37c7000 r--p 0008f000 103:02 11028843                  /usr/lib/x86_64-linux-gnu/libm.so.6
78d2d37c7000-78d2d37c8000 r--p 000e7000 103:02 11028843                  /usr/lib/x86_64-linux-gnu/libm.so.6
78d2d37c8000-78d2d37c9000 rw-p 000e8000 103:02 11028843                  /usr/lib/x86_64-linux-gnu/libm.so.6
78d2d37c9000-78d2d37cb000 r--p 00000000 103:02 11029612                  /usr/lib/x86_64-linux-gnu/libz.so.1.3
78d2d37cb000-78d2d37dd000 r-xp 00002000 103:02 11029612                  /usr/lib/x86_64-linux-gnu/libz.so.1.3
78d2d37dd000-78d2d37e3000 r--p 00014000 103:02 11029612                  /usr/lib/x86_64-linux-gnu/libz.so.1.3
78d2d37e3000-78d2d37e4000 r--p 0001a000 103:02 11029612                  /usr/lib/x86_64-linux-gnu/libz.so.1.3
78d2d37e4000-78d2d37e5000 rw-p 0001b000 103:02 11029612                  /usr/lib/x86_64-linux-gnu/libz.so.1.3
78d2d37e5000-78d2d37e9000 r--s 00000000 103:02 22020186                  /var/cache/fontconfig/b2d60264172c9fafc2f82e9237d8d959-le64.cache-9
78d2d37e9000-78d2d37ea000 r--p 00000000 103:02 11027768                  /usr/lib/x86_64-linux-gnu/libXau.so.6.0.0
78d2d37ea000-78d2d37ec000 r-xp 00001000 103:02 11027768                  /usr/lib/x86_64-linux-gnu/libXau.so.6.0.0
78d2d37ec000-78d2d37ed000 r--p 00003000 103:02 11027768                  /usr/lib/x86_64-linux-gnu/libXau.so.6.0.0
78d2d37ed000-78d2d37ee000 r--p 00003000 103:02 11027768                  /usr/lib/x86_64-linux-gnu/libXau.so.6.0.0
78d2d37ee000-78d2d37ef000 rw-p 00004000 103:02 11027768                  /usr/lib/x86_64-linux-gnu/libXau.so.6.0.0
78d2d37ef000-78d2d37f4000 rw-p 00000000 00:00 0 
78d2d37f4000-78d2d37fb000 ---p 00000000 00:00 0 
78d2d37fb000-78d2d3803000 rw-s 00000000 103:02 26217992                  /tmp/hsperfdata_zohaib/77906
78d2d3803000-78d2d3806000 rw-p 00000000 00:00 0 
78d2d3806000-78d2d3808000 r--s 00000000 103:02 22020197                  /var/cache/fontconfig/ef7bf7dc830923e12ba087d269cb05f0-le64.cache-9
78d2d3808000-78d2d3809000 ---p 00000000 00:00 0 
78d2d3809000-78d2d380a000 r--p 00000000 00:00 0 
78d2d380a000-78d2d380b000 ---p 00000000 00:00 0 
78d2d380b000-78d2d380d000 r--p 00000000 103:02 3164437                   /opt/kodrix-ide/lib/runtime/lib/libjimage.so
78d2d380d000-78d2d3810000 r-xp 00002000 103:02 3164437                   /opt/kodrix-ide/lib/runtime/lib/libjimage.so
78d2d3810000-78d2d3811000 r--p 00005000 103:02 3164437                   /opt/kodrix-ide/lib/runtime/lib/libjimage.so
78d2d3811000-78d2d3812000 r--p 00006000 103:02 3164437                   /opt/kodrix-ide/lib/runtime/lib/libjimage.so
78d2d3812000-78d2d3813000 rw-p 00007000 103:02 3164437                   /opt/kodrix-ide/lib/runtime/lib/libjimage.so
78d2d3813000-78d2d3815000 r--p 00000000 103:02 3164438                   /opt/kodrix-ide/lib/runtime/lib/libjli.so
78d2d3815000-78d2d381f000 r-xp 00002000 103:02 3164438                   /opt/kodrix-ide/lib/runtime/lib/libjli.so
78d2d381f000-78d2d3822000 r--p 0000c000 103:02 3164438                   /opt/kodrix-ide/lib/runtime/lib/libjli.so
78d2d3822000-78d2d3823000 r--p 0000f000 103:02 3164438                   /opt/kodrix-ide/lib/runtime/lib/libjli.so
78d2d3823000-78d2d3824000 rw-p 00010000 103:02 3164438                   /opt/kodrix-ide/lib/runtime/lib/libjli.so
78d2d3824000-78d2d3826000 rw-p 00000000 00:00 0 
78d2d3826000-78d2d382a000 r--p 00000000 00:00 0                          [vvar]
78d2d382a000-78d2d382c000 r--p 00000000 00:00 0                          [vvar_vclock]
78d2d382c000-78d2d382e000 r-xp 00000000 00:00 0                          [vdso]
78d2d382e000-78d2d382f000 r--p 00000000 103:02 11027720                  /usr/lib/x86_64-linux-gnu/ld-linux-x86-64.so.2
78d2d382f000-78d2d385a000 r-xp 00001000 103:02 11027720                  /usr/lib/x86_64-linux-gnu/ld-linux-x86-64.so.2
78d2d385a000-78d2d3864000 r--p 0002c000 103:02 11027720                  /usr/lib/x86_64-linux-gnu/ld-linux-x86-64.so.2
78d2d3864000-78d2d3866000 r--p 00036000 103:02 11027720                  /usr/lib/x86_64-linux-gnu/ld-linux-x86-64.so.2
78d2d3866000-78d2d3868000 rw-p 00038000 103:02 11027720                  /usr/lib/x86_64-linux-gnu/ld-linux-x86-64.so.2
7fff8f0ce000-7fff8f0f0000 rw-p 00000000 00:00 0                          [stack]
ffffffffff600000-ffffffffff601000 --xp 00000000 00:00 0                  [vsyscall]


VM Arguments:
jvm_args: -Djpackage.app-version=1.2.0 -Dcompose.application.resources.dir=/opt/kodrix-ide/lib/app/resources -Dcompose.application.configure.swing.globals=true -Dskiko.library.path=/opt/kodrix-ide/lib/app -Djpackage.app-path=/opt/kodrix-ide/bin/kodrix-ide 
java_command: com.kodrix.zohaib.desktop.MainKt
java_class_path (initial): /opt/kodrix-ide/lib/app/desktopApp-7221723debea4af375f40c9ba893634.jar:/opt/kodrix-ide/lib/app/animation-core-desktop-1.7.3-87bb47dcf611207d17ac1fabc2155e1.jar:/opt/kodrix-ide/lib/app/animation-desktop-1.7.3-405fd87261449d20aacb4543f98b26b.jar:/opt/kodrix-ide/lib/app/annotation-jvm-1.8.0-3c74b73c0c75521f67964f11b28dec9.jar:/opt/kodrix-ide/lib/app/annotations-23.0.0-8484cd17d040d837983323f760b2c660.jar:/opt/kodrix-ide/lib/app/atomicfu-jvm-0.23.2-5e4f88ed1c37222d791f5dcadf481498.jar:/opt/kodrix-ide/lib/app/collection-jvm-1.4.0-3f0597ec99a52ecdbf6f3962c5dc77a.jar:/opt/kodrix-ide/lib/app/core-common-2.2.0-2212d240dfe1e8a7598ee117ccc316d.jar:/opt/kodrix-ide/lib/app/desktop-jvm-1.7.3-de424e1ca627c3ee7de0f1f65430b2c5.jar:/opt/kodrix-ide/lib/app/foundation-desktop-1.7.3-4dbe5e38e559448051b0edf6263c1e5c.jar:/opt/kodrix-ide/lib/app/foundation-layout-desktop-1.7.3-42275c8b9c017549d648869827055c3.jar:/opt/kodrix-ide/lib/app/kotlin-stdlib-2.1.0-895fde81aafd572b5853c1b4a250a94d.jar:/opt/kodrix-ide/lib/app/kotlin-stdlib-jdk7-1.9.24-36ceb164e825dcfd5d1c5c25482bec8.jar:/opt/kodrix-ide/lib/app/kotlin-stdlib-jdk8-1.9.24-592f5e22e994e5dd4f3868f13bcf74d8.jar:/opt/kodrix-ide/lib/app/kotlinx-coroutines-core-jvm-1.8.0-d2920b1d99a82fafcceabc3a48f7e0.jar:/opt/kodrix-ide/lib/app/kotlinx-coroutines-jdk8-1.8.0-bc19de7aac597f6dc932e64a8d59b8c3.jar:/opt/kodrix-ide/lib/app/kotlinx-coroutines-slf4j-1.8.0-bf42bd43e3c210c09e52d8be59fbaa9e.jar:/opt/kodrix-ide/lib/app/kotlinx-coroutines-swing-1.8.0-c6d21696c46ad49017eebaebbb943b4.jar:/opt/kodrix-ide/lib/app/kotlinx-datetime-jvm-0.6.0-d083c24780d072bb42f9867184758f13.jar:/opt/kodrix-ide/lib/app/kotlinx-serialization-core-jvm-1.6.3-a53de86f751fdde057be40958fad42ac.jar:/opt/kodrix-ide/lib/app/kotlinx-serialization-json-jvm-1.6.3-f748e5e9c7239a8197747ced7208c13.jar:/opt/kodrix-ide/lib/app/ktor-client-cio-jvm-2.3.8-c2138e93d5ce2381ac4b36ff983a5aad.jar:/opt/kodrix-ide/lib/app/ktor-client-content-negotiation-jvm-2.3.8-da44b5b61288
Launcher Type: SUN_STANDARD

[Global flags]
     intx CICompilerCount                          = 4                                         {product} {ergonomic}
     uint ConcGCThreads                            = 3                                         {product} {ergonomic}
     uint G1ConcRefinementThreads                  = 10                                        {product} {ergonomic}
   size_t G1HeapRegionSize                         = 2097152                                   {product} {ergonomic}
    uintx GCDrainStackTargetSize                   = 64                                        {product} {ergonomic}
   size_t InitialHeapSize                          = 257949696                                 {product} {ergonomic}
   size_t MarkStackSize                            = 4194304                                   {product} {ergonomic}
   size_t MaxHeapSize                              = 4114612224                                {product} {ergonomic}
   size_t MaxNewSize                               = 2468347904                                {product} {ergonomic}
   size_t MinHeapDeltaBytes                        = 2097152                                   {product} {ergonomic}
   size_t MinHeapSize                              = 8388608                                   {product} {ergonomic}
    uintx NonNMethodCodeHeapSize                   = 5839372                                {pd product} {ergonomic}
    uintx NonProfiledCodeHeapSize                  = 122909434                              {pd product} {ergonomic}
    uintx ProfiledCodeHeapSize                     = 122909434                              {pd product} {ergonomic}
    uintx ReservedCodeCacheSize                    = 251658240                              {pd product} {ergonomic}
     bool SegmentedCodeCache                       = true                                      {product} {ergonomic}
   size_t SoftMaxHeapSize                          = 4114612224                             {manageable} {ergonomic}
     bool UseCompressedClassPointers               = true                           {product lp64_product} {ergonomic}
     bool UseCompressedOops                        = true                           {product lp64_product} {ergonomic}
     bool UseG1GC                                  = true                                      {product} {ergonomic}

Logging:
Log output configuration:
 #0: stdout all=warning uptime,level,tags
 #1: stderr all=off uptime,level,tags

Environment Variables:
PATH=/home/zohaib/.local/bin:/home/zohaib/.nvm/versions/node/v24.16.0/bin:/run/user/1000/fnm_multishells/6358_1782393237490/bin:/home/zohaib/.local/share/fnm:/home/zohaib/.local/bin:/home/zohaib/.local/bin:/usr/local/sbin:/usr/local/bin:/usr/sbin:/usr/bin:/sbin:/bin:/usr/games:/usr/local/games:/snap/bin:/snap/bin:/home/zohaib/.dotnet/tools:/media/zohaib/KINGSTON/SDK/emulator:/media/zohaib/KINGSTON/SDK/platform-tools:/media/zohaib/KINGSTON/SDK/cmdline-tools/latest/bin:/media/zohaib/KINGSTON/SDK/tools:/media/zohaib/KINGSTON/SDK/tools/bin:/home/zohaib/Downloads/android-studio-panda4-patch1-linux/android-studio/bin
USERNAME=zohaib
SHELL=/bin/bash
DISPLAY=:1
LANG=en_US.UTF-8
LC_NUMERIC=ur_PK
LC_TIME=ur_PK
TERM=xterm-256color

Active Locale:
LC_ALL=LC_CTYPE=en_US.UTF-8;LC_NUMERIC=ur_PK;LC_TIME=ur_PK;LC_COLLATE=en_US.UTF-8;LC_MONETARY=ur_PK;LC_MESSAGES=en_US.UTF-8;LC_PAPER=ur_PK;LC_NAME=ur_PK;LC_ADDRESS=ur_PK;LC_TELEPHONE=ur_PK;LC_MEASUREMENT=ur_PK;LC_IDENTIFICATION=ur_PK
LC_COLLATE=en_US.UTF-8
LC_CTYPE=en_US.UTF-8
LC_MESSAGES=en_US.UTF-8
LC_MONETARY=ur_PK
LC_NUMERIC=ur_PK
LC_TIME=ur_PK

Signal Handlers:
   SIGSEGV: crash_handler in libjvm.so, mask=11100100010111111101111111111110, flags=SA_RESTART|SA_SIGINFO, unblocked
    SIGBUS: crash_handler in libjvm.so, mask=11100100010111111101111111111110, flags=SA_RESTART|SA_SIGINFO, unblocked
    SIGFPE: crash_handler in libjvm.so, mask=11100100010111111101111111111110, flags=SA_RESTART|SA_SIGINFO, unblocked
   SIGPIPE: SIG_IGN, mask=00000000000010000000000000000000, flags=SA_RESTART, blocked
  *** Handler was modified!
  *** Expected: javaSignalHandler in libjvm.so, mask=11100100110111111111111111111110, flags=SA_RESTART|SA_SIGINFO
   SIGXFSZ: javaSignalHandler in libjvm.so, mask=11100100010111111101111111111110, flags=SA_RESTART|SA_SIGINFO, blocked
    SIGILL: crash_handler in libjvm.so, mask=11100100010111111101111111111110, flags=SA_RESTART|SA_SIGINFO, unblocked
   SIGUSR2: SR_handler in libjvm.so, mask=00000000000000000000000000000000, flags=SA_RESTART|SA_SIGINFO, blocked
    SIGHUP: SIG_IGN, mask=00000000000000000000000000000000, flags=none, blocked
    SIGINT: SIG_IGN, mask=00000000000000000000000000000000, flags=none, blocked
   SIGTERM: UserHandler in libjvm.so, mask=11100100010111111101111111111110, flags=SA_RESTART|SA_SIGINFO, blocked
   SIGQUIT: UserHandler in libjvm.so, mask=11100100010111111101111111111110, flags=SA_RESTART|SA_SIGINFO, blocked
   SIGTRAP: crash_handler in libjvm.so, mask=11100100010111111101111111111110, flags=SA_RESTART|SA_SIGINFO, unblocked


Periodic native trim disabled


---------------  S Y S T E M  ---------------

OS:
DISTRIB_ID=Zorin
DISTRIB_RELEASE=18
DISTRIB_CODENAME=noble
DISTRIB_DESCRIPTION="Zorin OS 18.1"
uname: Linux 6.17.0-35-generic #35~24.04.1-Ubuntu SMP PREEMPT_DYNAMIC Tue May 26 19:30:42 UTC 2 x86_64
OS uptime: 0 days 3:10 hours
libc: glibc 2.39 NPTL 2.39 
rlimit (soft/hard): STACK 8192k/infinity , CORE 0k/infinity , NPROC 61898/61898 , NOFILE 1048576/1048576 , AS infinity/infinity , CPU infinity/infinity , DATA infinity/infinity , FSIZE infinity/infinity , MEMLOCK 2008956k/2008956k
load average: 1.42 1.38 1.08

/proc/meminfo:
MemTotal:       16071668 kB
MemFree:         4455728 kB
MemAvailable:    8554052 kB
Buffers:          374332 kB
Cached:          3917248 kB
SwapCached:       303328 kB
Active:          5787584 kB
Inactive:        3380500 kB
Active(anon):    4856700 kB
Inactive(anon):   598648 kB
Active(file):     930884 kB
Inactive(file):  2781852 kB
Unevictable:      364852 kB
Mlocked:              32 kB
SwapTotal:      62914556 kB
SwapFree:       61404016 kB
Zswap:                 0 kB
Zswapped:              0 kB
Dirty:              6084 kB
Writeback:             0 kB
AnonPages:       5212960 kB
Mapped:           783712 kB
Shmem:            578868 kB
KReclaimable:    1034288 kB
Slab:            1379520 kB
SReclaimable:    1034288 kB
SUnreclaim:       345232 kB
KernelStack:       22460 kB
PageTables:        62108 kB
SecPageTables:      5844 kB
NFS_Unstable:          0 kB
Bounce:                0 kB
WritebackTmp:          0 kB
CommitLimit:    70950388 kB
Committed_AS:   21725692 kB
VmallocTotal:   34359738367 kB
VmallocUsed:      155784 kB
VmallocChunk:          0 kB
Percpu:            12768 kB
HardwareCorrupted:     0 kB
AnonHugePages:         0 kB
ShmemHugePages:   284672 kB
ShmemPmdMapped:        0 kB
FileHugePages:    362496 kB
FilePmdMapped:         0 kB
CmaTotal:              0 kB
CmaFree:               0 kB
Unaccepted:            0 kB
Balloon:               0 kB
HugePages_Total:       0
HugePages_Free:        0
HugePages_Rsvd:        0
HugePages_Surp:        0
Hugepagesize:       2048 kB
Hugetlb:               0 kB
DirectMap4k:      995584 kB
DirectMap2M:    14430208 kB
DirectMap1G:     1048576 kB

/sys/kernel/mm/transparent_hugepage/enabled: always [madvise] never
/sys/kernel/mm/transparent_hugepage/hpage_pmd_size: 2097152
/sys/kernel/mm/transparent_hugepage/defrag (defrag/compaction efforts parameter): always defer defer+madvise [madvise] never

Process Memory:
Virtual Size: 9702768K (peak: 9702768K)
Resident Set Size: 246168K (peak: 246168K) (anon: 141768K, file: 104396K, shmem: 4K)
Swapped out: 0K
C-Heap outstanding allocations: 71634K, retained: 11373K
glibc malloc tunables: (default)

/proc/sys/kernel/threads-max (system-wide limit on the number of threads): 123797
/proc/sys/vm/max_map_count (maximum number of memory map areas a process may have): 1048576
/proc/sys/vm/swappiness (control to define how aggressively the kernel swaps out anonymous memory): 80
/proc/sys/kernel/pid_max (system-wide limit on number of process identifiers): 4194304

container (cgroup) information:
container_type: cgroupv2
cpu_cpuset_cpus: not supported
cpu_memory_nodes: not supported
active_processor_count: 12
cpu_quota: not supported
cpu_period: not supported
cpu_shares: not supported
memory_limit_in_bytes: unlimited
memory_and_swap_limit_in_bytes: unlimited
memory_soft_limit_in_bytes: 0
memory_usage_in_bytes: 5398856 k
memory_max_usage_in_bytes: not supported
rss_usage_in_bytes: 2866420 k
cache_usage_in_bytes: 1823396 k
memory_swap_current_in_bytes: 335192 k
memory_swap_max_limit_in_bytes: unlimited
maximum number of tasks: 18569
current number of tasks: 178

Steal ticks since vm start: 0
Steal ticks percentage since vm start:  0.000

CPU: total 12 (initial active 12) (6 cores per cpu, 2 threads per core) family 6 model 186 stepping 2 microcode 0x6134, cx8, cmov, fxsr, ht, mmx, 3dnowpref, sse, sse2, sse3, ssse3, sse4.1, sse4.2, popcnt, lzcnt, tsc, tscinvbit, avx, avx2, aes, erms, clmul, bmi1, bmi2, adx, sha, fma, vzeroupper, clflush, clflushopt, clwb
CPU Model and flags from /proc/cpuinfo:
model name	: 13th Gen Intel(R) Core(TM) i5-13420H
flags		: fpu vme de pse tsc msr pae mce cx8 apic sep mtrr pge mca cmov pat pse36 clflush dts acpi mmx fxsr sse sse2 ss ht tm pbe syscall nx pdpe1gb rdtscp lm constant_tsc art arch_perfmon pebs bts rep_good nopl xtopology nonstop_tsc cpuid aperfmperf tsc_known_freq pni pclmulqdq dtes64 monitor ds_cpl vmx smx est tm2 ssse3 sdbg fma cx16 xtpr pdcm pcid sse4_1 sse4_2 x2apic movbe popcnt tsc_deadline_timer aes xsave avx f16c rdrand lahf_lm abm 3dnowprefetch cpuid_fault epb ssbd ibrs ibpb stibp ibrs_enhanced tpr_shadow flexpriority ept vpid ept_ad fsgsbase tsc_adjust bmi1 avx2 smep bmi2 erms invpcid rdseed adx smap clflushopt clwb intel_pt sha_ni xsaveopt xsavec xgetbv1 xsaves split_lock_detect user_shstk avx_vnni dtherm ida arat pln pts hwp hwp_notify hwp_act_window hwp_epp hwp_pkg_req hfi vnmi umip pku ospke waitpkg gfni vaes vpclmulqdq rdpid movdiri movdir64b fsrm md_clear serialize arch_lbr ibt flush_l1d arch_capabilities

Online cpus: 0-11
Offline cpus: 
BIOS frequency limitation: <Not Available>
Frequency switch latency (ns): 0
Available cpu frequencies: <Not Available>
Current governor: powersave
Core performance/turbo boost: <Not Available>

Memory: 4k page, physical 16071668k(4447536k free), swap 62914556k(61404016k free)
Page Sizes: 4k

vm_info: OpenJDK 64-Bit Server VM (17.0.19+10-1-24.04.2-Ubuntu) for linux-amd64 JRE (17.0.19+10-1-24.04.2-Ubuntu), built on Apr 26 2026 12:40:16 by "buildd" with gcc 13.3.0

END.
